gvkey,year,company,city,country_code,sector_code,patentcount,country,region
334426,2014,Saudi Arabian Oil Company,Dhahran,SAU,10,136,Saudi Arabia,Asia Pacific
279449,2014,Idemitsu Kosan Co Ltd,Tokyo,JPN,10,120,Japan,Asia Pacific
100158,2014,ENEOS Holdings Inc,Tokyo,JPN,10,82,Japan,Asia Pacific
285205,2014,SK Innovation Co Ltd,Seoul,KOR,10,57,South Korea,Asia Pacific
140756,2014,CHINA PETROLEUM & CHEMICAL CORPORATION,Beijing,CHN,10,32,China,Asia Pacific
207074,2014,Reliance Industries Ltd,Mumbai,IND,10,30,India,Asia Pacific
102257,2014,Cosmo Energy Holdings Co Ltd,Tokyo,JPN,10,25,Japan,Asia Pacific
259380,2014,Japan Petroleum Exploration Co Ltd,Tokyo,JPN,10,17,Japan,Asia Pacific
203741,2014,SK Discovery Co Ltd,Seongnam-si,KOR,10,16,South Korea,Asia Pacific
271196,2014,Inpex Corp,Tokyo,JPN,10,16,Japan,Asia Pacific
245036,2014,Lg Chem Ltd,Seoul,KOR,15,404,South Korea,Asia Pacific
100683,2014,Nitto Denko Corp,Osaka,JPN,15,277,Japan,Asia Pacific
100697,2014,Shin-Etsu Chemical Co Ltd,Tokyo,JPN,15,260,Japan,Asia Pacific
100689,2014,Sumitomo Chemical Co Ltd,Tokyo,JPN,15,217,Japan,Asia Pacific
100155,2014,Nippon Steel Corp,Tokyo,JPN,15,187,Japan,Asia Pacific
100696,2014,Resonac Holdings Corporation,Tokyo,JPN,15,185,Japan,Asia Pacific
100393,2014,Hitachi Metals Ltd,Tokyo,JPN,15,163,Japan,Asia Pacific
100258,2014,Asahi Kasei Corp,Tokyo,JPN,15,153,Japan,Asia Pacific
100724,2014,Toray Industries Inc,Tokyo,JPN,15,135,Japan,Asia Pacific
19045,2014,Mitsubishi Chemical Group Corporation,Tokyo,JPN,15,125,Japan,Asia Pacific
10622,2014,Toshiba Corp,Tokyo,JPN,20,2872,Japan,Asia Pacific
5650,2014,Hitachi Ltd,Tokyo,JPN,20,1414,Japan,Asia Pacific
19043,2014,Mitsubishi Electric Corp,Tokyo,JPN,20,992,Japan,Asia Pacific
100012,2014,Mitsubishi Heavy Industries Ltd,Tokyo,JPN,20,373,Japan,Asia Pacific
6494,2014,Komatsu Ltd,Tokyo,JPN,20,213,Japan,Asia Pacific
101851,2014,Fuji Electric Co Ltd,Tokyo,JPN,20,187,Japan,Asia Pacific
101138,2014,Daikin Industries Ltd,Osaka,JPN,20,156,Japan,Asia Pacific
221821,2014,Nidec Corporation,Kyoto,JPN,20,147,Japan,Asia Pacific
100906,2014,Ngk Insulators Ltd,Nagoya,JPN,20,124,Japan,Asia Pacific
100288,2014,Kawasaki Heavy Industries Ltd,Tokyo,JPN,20,121,Japan,Asia Pacific
9818,2014,Sony Group Corporation,Tokyo,JPN,25,3597,Japan,Asia Pacific
7114,2014,Panasonic Holdings Corporation,Kadoma,JPN,25,2802,Japan,Asia Pacific
251303,2014,Lg Electronics Inc,Seoul,KOR,25,2476,South Korea,Asia Pacific
19661,2014,Toyota Motor Corp,Toyota,JPN,25,1908,Japan,Asia Pacific
5691,2014,Honda Motor Co Ltd,Tokyo,JPN,25,1276,Japan,Asia Pacific
100699,2014,Sharp Corp,Sakai,JPN,25,1219,Japan,Asia Pacific
19112,2014,Denso Corp,Kariya,JPN,25,855,Japan,Asia Pacific
104607,2014,Hyundai Motor Co,Seoul,KOR,25,630,South Korea,Asia Pacific
19413,2014,Sumitomo Electric Industries Ltd,Osaka,JPN,25,523,Japan,Asia Pacific
19113,2014,Nissan Motor Co Ltd,Yokohama,JPN,25,413,Japan,Asia Pacific
18715,2014,Kao Corp,Tokyo,JPN,30,141,Japan,Asia Pacific
104854,2014,Unicharm Corporation,Tokyo,JPN,30,76,Japan,Asia Pacific
278216,2014,Amorepacific Corp,Seoul,KOR,30,49,South Korea,Asia Pacific
286420,2014,CJ CheilJedang Corp,Seoul,KOR,30,46,South Korea,Asia Pacific
100253,2014,Ajinomoto Co Inc,Tokyo,JPN,30,42,Japan,Asia Pacific
19344,2014,Shiseido Co Ltd,Tokyo,JPN,30,37,Japan,Asia Pacific
105130,2014,Sakata Seed Corp,Yokohama,JPN,30,23,Japan,Asia Pacific
223528,2014,Japan Tobacco Inc,Tokyo,JPN,30,18,Japan,Asia Pacific
18729,2014,Kirin Holdings Co Ltd,Tokyo,JPN,30,17,Japan,Asia Pacific
101866,2014,Meiji Holdings Co Ltd,Tokyo,JPN,30,17,Japan,Asia Pacific
100686,2014,Olympus Corp,Tokyo,JPN,35,715,Japan,Asia Pacific
100433,2014,Hoya Corp,Tokyo,JPN,35,143,Japan,Asia Pacific
100718,2014,Takeda Pharmaceutical Co Ltd,Tokyo,JPN,35,143,Japan,Asia Pacific
102146,2014,Terumo Corp,Tokyo,JPN,35,98,Japan,Asia Pacific
212635,2014,Cochlear Ltd,Sydney,AUS,35,90,Australia,Asia Pacific
212712,2014,Sysmex Corp,Kobe,JPN,35,84,Japan,Asia Pacific
296288,2014,Otsuka Holdings Co Ltd,Tokyo,JPN,35,77,Japan,Asia Pacific
203090,2014,Hitachi Medical Corp,Tokyo,JPN,35,75,Japan,Asia Pacific
175612,2014,Mindray Medical International Ltd,Shenzhen,CHN,35,52,China,Asia Pacific
350287,2014,PHC Holdings Corporation,Tokyo,JPN,35,51,Japan,Asia Pacific
223068,2014,Piramal Enterprises Limited,Mumbai,IND,40,15,India,Asia Pacific
25257,2014,Korea Development Bank,Seoul,KOR,40,7,South Korea,Asia Pacific
316556,2014,Jindal Poly Investment and Finance Co Ltd,New Delhi,IND,40,6,India,Asia Pacific
205711,2014,Colonial Ltd,Melbourne,AUS,40,5,Australia,Asia Pacific
15627,2014,KK Tokyo Mitsubishi Ginko,Chiyoda,JPN,40,3,Japan,Asia Pacific
10137,2014,Sumitomo Mitsui Financial Group Inc,Tokyo,JPN,40,2,Japan,Asia Pacific
242218,2014,SBI Holdings Inc,Tokyo,JPN,40,2,Japan,Asia Pacific
203243,2014,China Everbright Ltd,Hong Kong,HKG,40,1,"Hong Kong, SAR China",Asia Pacific
210865,2014,Novion Property Group,Melbourne,AUS,40,1,Australia,Asia Pacific
222000,2014,The Royal Bank of Scotland Ltd,Karachi,PAK,40,1,Pakistan,Asia Pacific
104604,2014,Samsung Electronics Co Ltd,Suwon,KOR,45,7562,South Korea,Asia Pacific
2721,2014,Canon Inc,Tokyo,JPN,45,4229,Japan,Asia Pacific
18467,2014,Fujitsu Ltd,Tokyo,JPN,45,2368,Japan,Asia Pacific
9135,2014,Ricoh Co Ltd,Tokyo,JPN,45,1807,Japan,Asia Pacific
257018,2014,Seiko Epson Corp,Suwa,JPN,45,1701,Japan,Asia Pacific
203177,2014,Hon Hai Precision Industry Co Ltd,New Taipei City,TWN,45,1596,Taiwan,Asia Pacific
201395,2014,Taiwan Semiconductor Manufacturing Co Ltd,Hsinchu City,TWN,45,1482,Taiwan,Asia Pacific
7652,2014,Nec Corp,Tokyo,JPN,45,1216,Japan,Asia Pacific
100519,2014,Brother Industries Ltd,Nagoya,JPN,45,1181,Japan,Asia Pacific
4925,2014,Fujifilm Holdings Corp,Tokyo,JPN,45,1072,Japan,Asia Pacific
7908,2014,Nippon Telegraph and Telephone Corporation,Tokyo,JPN,50,409,Japan,Asia Pacific
102450,2014,Nintendo Co Ltd,Kyoto,JPN,50,248,Japan,Asia Pacific
203480,2014,SK Telecom Co Ltd,Seoul,KOR,50,71,South Korea,Asia Pacific
200595,2014,Konami Group Corporation,Tokyo,JPN,50,66,Japan,Asia Pacific
270615,2014,Tencent Holdings LTD,Shenzhen,CHN,50,54,China,Asia Pacific
133104,2014,KT Corporation,Seongnam-si,KOR,50,49,South Korea,Asia Pacific
271885,2014,DeNA Co Ltd,Tokyo,JPN,50,37,Japan,Asia Pacific
201584,2014,KDDI Corp,Tokyo,JPN,50,32,Japan,Asia Pacific
315992,2014,NHN Corp,Seongnam-si,KOR,50,32,South Korea,Asia Pacific
221489,2014,Square Enix Hldgs Co Ltd,Tokyo,JPN,50,25,Japan,Asia Pacific
30874,2014,Korea Electric Power Corp,Naju-Si,KOR,55,26,South Korea,Asia Pacific
100302,2014,Kansai Electric Power Co Inc,Osaka,JPN,55,8,Japan,Asia Pacific
100488,2014,Kyushu Electric Power Co Inc,Fukuoka City,JPN,55,5,Japan,Asia Pacific
100846,2014,Osaka Gas Co Ltd,Osaka,JPN,55,5,Japan,Asia Pacific
271031,2014,Electric Power Development Co Ltd,Tokyo,JPN,55,5,Japan,Asia Pacific
326073,2014,Gulf Energy Development Public Company Limited,Bangkok,THA,55,5,Thailand,Asia Pacific
100688,2014,Tokyo Electric Power Co Holdings Inc,Chiyoda,JPN,55,4,Japan,Asia Pacific
239856,2014,Korea Gas Corp,Daegu,KOR,55,3,South Korea,Asia Pacific
100848,2014,Tokyo Gas Co Ltd,Tokyo,JPN,55,2,Japan,Asia Pacific
102311,2014,Hokuriku Electric Power Co Inc,Toyama,JPN,55,2,Japan,Asia Pacific
200477,2014,Peking University Resources (Holdings) Co Ltd,Causeway Bay,HKG,60,28,"Hong Kong, SAR China",Asia Pacific
100436,2014,Daikyo Inc,Tokyo,JPN,60,12,Japan,Asia Pacific
203386,2014,Cytori Cell Research Institute Inc,Tokyo,JPN,60,4,Japan,Asia Pacific
282105,2014,Embassy Developments Limited,Mumbai,IND,60,4,India,Asia Pacific
258161,2014,Times Universal Group Holdings Ltd,Sheung Wan,HKG,60,1,"Hong Kong, SAR China",Asia Pacific
270319,2014,Meiho Enterprise Co Ltd,Tokyo,JPN,60,1,Japan,Asia Pacific
271226,2014,NCT Alliance Berhad,Puchong,MYS,60,1,Malaysia,Asia Pacific
321386,2014,Suntory Holdings Ltd,Tokyo,JPN,NA,78,Japan,Asia Pacific
202875,2014,KDK Corp,Kyoto,JPN,NA,51,Japan,Asia Pacific
332577,2014,Supernet Technologies Ltd,Karachi,PAK,NA,11,Pakistan,Asia Pacific
268456,2014,Nippon Life Insurance Co,Osaka,JPN,NA,1,Japan,Asia Pacific
343415,2014,Sync Power Corp,Taipei,TWN,NA,1,Taiwan,Asia Pacific
24625,2014,TotalEnergies SE,Courbevoie,FRA,10,150,France,Europe
102983,2014,Viridien Societe anonyme,Massy,FRA,10,31,France,Europe
216613,2014,TGS ASA,Oslo,NOR,10,31,Norway,Europe
61616,2014,Eni SpA,Rome,ITA,10,28,Italy,Europe
101083,2014,Saipem SpA,Milan,ITA,10,27,Italy,Europe
220546,2014,Equinor ASA,Stavanger,NOR,10,23,Norway,Europe
2410,2014,BP plc,London,GBR,10,21,United Kingdom,Europe
270267,2014,Akastor ASA,Baerum,NOR,10,15,Norway,Europe
318426,2014,Aker Solutions ASA,Fornebu,NOR,10,14,Norway,Europe
12384,2014,Shell Plc,London,GBR,10,13,United Kingdom,Europe
17436,2014,BASF SE,Ludwigshafen am Rhein,DEU,15,872,Germany,Europe
295421,2014,Evonik Industries AG,Essen,DEU,15,196,Germany,Europe
102454,2014,DSM Firmenich AG,Kaiseraugst,CHE,15,194,Switzerland,Europe
241216,2014,"Syngenta AG, Basel",Basel,CHE,15,181,Switzerland,Europe
101394,2014,"Solvay SA, Bruxelles",Brussels,BEL,15,120,Belgium,Europe
277043,2014,Arkema,Colombes,FRA,15,115,France,Europe
241336,2014,Novonesis A/S,Bagsvaerd,DNK,15,109,Denmark,Europe
101202,2014,L'Air Liquide SA,Paris,FRA,15,105,France,Europe
220789,2014,Dyson Group PLC,Chesterfield,GBR,15,96,United Kingdom,Europe
276585,2014,Wacker Chemie AG,Munich,DEU,15,71,Germany,Europe
19349,2014,Siemens AG,Munich,DEU,20,1320,Germany,Europe
220833,2014,Airbus SE,Leiden,NLD,20,783,Netherlands,Europe
210418,2014,ABB Ltd,Zurich,CHE,20,375,Switzerland,Europe
100499,2014,Rolls Royce Holdings PLC,London,GBR,20,349,United Kingdom,Europe
4199,2014,Eaton Corporation plc,Dublin,IRL,20,330,Ireland,Europe
315541,2014,Osram Licht AG,Munich,DEU,20,250,Germany,Europe
13556,2014,Thales SA,Meudon,FRA,20,229,France,Europe
63477,2014,BAE Systems PLC,Camberley,GBR,20,182,United Kingdom,Europe
101811,2014,Compagnie de Saint Gobain S A,Courbevoie,FRA,20,179,France,Europe
210495,2014,SNECMA Ste National D'Etude Et De Construction De Moteurs D'Avion,NA,FRA,20,178,France,Europe
100609,2014,Continental AG,Hanover,DEU,25,322,Germany,Europe
100737,2014,Volkswagen AG,Wolfsburg,DEU,25,319,Germany,Europe
320124,2014,Schaeffler AG,Herzogenaurach,DEU,25,276,Germany,Europe
17828,2014,Mercedes Benz Group AG,Stuttgart,DEU,25,164,Germany,Europe
101277,2014,Compagnie Generale des Etablissements Michelin Societe en commandite par actions,Clermont-Ferrand,FRA,25,159,France,Europe
100022,2014,Bayerische Motoren Werke Aktiengesellschaft,Munich,DEU,25,149,Germany,Europe
102523,2014,Valeo SE,Paris,FRA,25,120,France,Europe
14620,2014,Electrolux AB,Stockholm,SWE,25,118,Sweden,Europe
27333,2014,Adient plc,Dublin,IRL,25,117,Ireland,Europe
64690,2014,Autoliv Inc,Stockholm,SWE,25,99,Sweden,Europe
100581,2014,LOreal SA,Clichy,FRA,30,186,France,Europe
16603,2014,"Nestle SA, Cham Und Vevey",Vevey,CHE,30,176,Switzerland,Europe
101942,2014,Henkel AG & Co KGaA,Dusseldorf,DEU,30,150,Germany,Europe
10846,2014,Unilever PLC,London,GBR,30,99,United Kingdom,Europe
324770,2014,Essity Aktiebolag,Stockholm,SWE,30,80,Sweden,Europe
221858,2014,Reckitt Benckiser Group PLC,Slough,GBR,30,58,United Kingdom,Europe
1932,2014,British American Tobacco PLC,London,GBR,30,40,United Kingdom,Europe
100083,2014,Beiersdorf AG,Hamburg,DEU,30,37,Germany,Europe
100135,2014,Tate & Lyle PLC,London,GBR,30,19,United Kingdom,Europe
100775,2014,Koninklijke Numico NV,Hoofddorp,NLD,30,18,Netherlands,Europe
8546,2014,Koninklijke Philips NV,Amsterdam,NLD,35,1060,Netherlands,Europe
100080,2014,Bayer AG,Leverkusen,DEU,35,957,Germany,Europe
25648,2014,Roche Holding AG,Basel,CHE,35,553,Switzerland,Europe
101310,2014,Novartis AG,Basel,CHE,35,310,Switzerland,Europe
220301,2014,Merck KGaA,Darmstadt,DEU,35,282,Germany,Europe
101204,2014,Sanofi,Paris,FRA,35,272,France,Europe
326765,2014,Siemens Healthineers AG,Forchheim,DEU,35,241,Germany,Europe
101317,2014,Smith & Nephew PLC,Watford,GBR,35,188,United Kingdom,Europe
5180,2014,GSK plc,Brentford,GBR,35,147,United Kingdom,Europe
28272,2014,Astrazeneca PLC,Cambridge,GBR,35,111,United Kingdom,Europe
278557,2014,Touchstone Innovations Plc,London,GBR,40,20,United Kingdom,Europe
15671,2014,Skandinaviska Enskilda Banken Ab,Stockholm,SWE,40,15,Sweden,Europe
105547,2014,Barclays Bank PLC,London,GBR,40,13,United Kingdom,Europe
63546,2014,"Schweizerische Rueckversicherungs-Gesellschaft, Zuerich",Zurich,CHE,40,7,Switzerland,Europe
15181,2014,Banco Bilbao Vizcaya Argentaria SA,Bilbao,ESP,40,4,Spain,Europe
15617,2014,ING Groep NV,Amsterdam,NLD,40,3,Netherlands,Europe
206652,2014,OTP Bank PLC,Budapest,HUN,40,3,Hungary,Europe
241016,2014,TP ICAP Group PLC,London,JEY,40,3,Jersey,Europe
15509,2014,HSBC Holdings PLC,London,GBR,40,2,United Kingdom,Europe
15532,2014,BNP Paribas,Paris,FRA,40,2,France,Europe
4439,2014,Telefonaktiebolaget LM Ericsson (publ),Stockholm,SWE,45,1739,Sweden,Europe
23671,2014,Nokia OYJ,Espoo,FIN,45,947,Finland,Europe
132740,2014,Infineon Technologies AG,Neubiberg,DEU,45,856,Germany,Europe
31142,2014,STMicroelectronics NV,Schiphol,NLD,45,764,Netherlands,Europe
101352,2014,Alcatel-Lucent,Boulogne-Billancourt,FRA,45,704,France,Europe
184725,2014,NXP Semiconductors NV,Eindhoven,NLD,45,394,Netherlands,Europe
125863,2014,Vantiva SA,Paris,FRA,45,354,France,Europe
61214,2014,ASML Holding NV,Veldhoven,NLD,45,343,Netherlands,Europe
177267,2014,TE Connectivity plc,Ballybrit,IRL,45,284,Ireland,Europe
103487,2014,SAP SE,Walldorf,DEU,45,197,Germany,Europe
220940,2014,Orange SA,Issy-les-Moulineaux,FRA,50,126,France,Europe
2411,2014,BT Group PLC,London,GBR,50,72,United Kingdom,Europe
14894,2014,Vodafone Group Public Limited Company,Newbury,GBR,50,65,United Kingdom,Europe
14605,2014,WPP PLC,London,GBR,50,61,United Kingdom,Europe
19151,2014,Telecom Italia SPA,Rome,ITA,50,54,Italy,Europe
221616,2014,Deutsche Telekom AG,Bonn,DEU,50,40,Germany,Europe
61440,2014,Koninklijke Kpn NV,Rotterdam,NLD,50,22,Netherlands,Europe
13683,2014,Telefonica SA,Madrid,ESP,50,18,Spain,Europe
114927,2014,"Swisscom AG, Ittigen",Bern,CHE,50,18,Switzerland,Europe
102583,2014,Euromoney Institutional Investor PLC,London,GBR,50,7,United Kingdom,Europe
100478,2014,"Sta Elettrica Sopracenerina (Ses), Locarno",Locarno,CHE,55,513,Switzerland,Europe
220920,2014,EDF,Paris,FRA,55,18,France,Europe
238616,2014,Veolia Environnement SA,Paris,FRA,55,17,France,Europe
100953,2014,RWE Aktiengesellschaft,Essen,DEU,55,7,Germany,Europe
103489,2014,Degremont SA,Paris,FRA,55,5,France,Europe
213423,2014,Centrica PLC,Windsor,GBR,55,4,United Kingdom,Europe
100590,2014,E.ON SE,Essen,DEU,55,3,Germany,Europe
204671,2014,CEZ a s,Prague,CZE,55,3,Czechia,Europe
220942,2014,Engie SA,Courbevoie,FRA,55,3,France,Europe
349408,2014,Corporacion Acciona Energias Renovables S.A.,Madrid,ESP,55,2,Spain,Europe
210446,2014,MRM Sa,Paris,FRA,60,1,France,Europe
241774,2014,"Allreal Holding AG, Zug",Baar,CHE,60,1,Switzerland,Europe
211865,2014,Suunto Oy,Vantaa,FIN,NA,10,Finland,Europe
3530,2014,Cornelius Co,Redon,FRA,NA,5,France,Europe
204389,2014,Bridport PLC,Somerset,GBR,NA,3,United Kingdom,Europe
202242,2014,A. Friedr. Flender GmbH,Bocholt,DEU,NA,2,Germany,Europe
346469,2014,Medesis Pharma SA,Montpellier,FRA,NA,2,France,Europe
205311,2014,My Holdings PLC,Bagshot,GBR,NA,1,United Kingdom,Europe
318761,2014,EuroChem Group AG,Zug,CHE,NA,1,Switzerland,Europe
337060,2014,Incanthera plc,Manchester,GBR,NA,1,United Kingdom,Europe
351923,2014,LIBERTINE HOLDINGS PLC,Sheffield,GBR,NA,1,United Kingdom,Europe
9465,2014,Schlumberger Ltd,Houston,USA,10,755,United States,North America
5439,2014,Halliburton Co,Houston,USA,10,461,United States,North America
1976,2014,Baker Hughes Inc,Houston,USA,10,446,United States,North America
4503,2014,Exxon Mobil Corp,Spring,USA,10,377,United States,North America
9653,2014,Shell Oil Co,Houston,USA,10,216,United States,North America
2991,2014,Chevron Corp,San Ramon,USA,10,202,United States,North America
4367,2014,Weatherford International plc,Houston,USA,10,108,United States,North America
63892,2014,NOV Inc,Houston,USA,10,94,United States,North America
33326,2014,ChampionX Corp,The Woodlands,USA,10,65,United States,North America
32106,2014,Baker Hughes a GE Co,Houston,USA,10,60,United States,North America
4087,2014,E. I. du Pont de Nemours and Co,Indianapolis,USA,15,493,United States,North America
34443,2014,Dow Inc,Midland,USA,15,436,United States,North America
35168,2014,Corteva Inc,Indianapolis,USA,15,397,United States,North America
162254,2014,Celanese Corp,Irving,USA,15,143,United States,North America
4213,2014,Ecolab Inc.,Saint Paul,USA,15,131,United States,North America
6078,2014,International Flavors & Fragrances Inc,New York,USA,15,104,United States,North America
8247,2014,PPG Industries Inc.,Pittsburgh,USA,15,104,United States,North America
4060,2014,DuPont  De Nemours Inc,Wilmington,USA,15,83,United States,North America
1209,2014,Air Products and Chemicals Inc.,Allentown,USA,15,82,United States,North America
4061,2014,Dow Corning Corp,Midland,USA,15,80,United States,North America
5047,2014,GE Aerospace,Evendale,USA,20,2234,United States,North America
10983,2014,RTX Corp,Arlington,USA,20,987,United States,North America
2285,2014,Boeing Co,Arlington,USA,20,978,United States,North America
1300,2014,Honeywell International Inc,Charlotte,USA,20,842,United States,North America
7435,2014,3M Co,Saint Paul,USA,20,707,United States,North America
2817,2014,Caterpillar Inc,Irving,USA,20,508,United States,North America
6774,2014,Lockheed Martin Corp,Bethesda,USA,20,315,United States,North America
5878,2014,Illinois Tool Works Inc.,Glenview,USA,20,299,United States,North America
3835,2014,DEERE & COMPANY,Moline,USA,20,265,United States,North America
5492,2014,L3Harris Technologies Inc,Melbourne,USA,20,253,United States,North America
5073,2014,General Motors Co,Detroit,USA,25,1613,United States,North America
4839,2014,Ford Motor Co,Dearborn,USA,25,920,United States,North America
64768,2014,Amazon.com Inc,Seattle,USA,25,830,United States,North America
7906,2014,NIKE Inc,Beaverton,USA,25,552,United States,North America
6097,2014,International Game Technology,Las Vegas,USA,25,320,United States,North America
10991,2014,Light & Wonder Inc,Las Vegas,USA,25,306,United States,North America
114524,2014,eBay Inc.,San Jose,USA,25,241,United States,North America
11465,2014,Whirlpool Corp,Benton Harbor,USA,25,240,United States,North America
6946,2014,Magna International Inc,Aurora,CAN,25,151,Canada,North America
27575,2014,Acushnet Holdings Corp,Fairhaven,USA,25,135,United States,North America
8762,2014,Procter & Gamble Co (The),Cincinnati,USA,30,622,United States,North America
8596,2014,Pioneer Hi-Bred Internationl,Johnston,USA,30,244,United States,North America
6435,2014,Kimberly-Clark Corp,Dallas,USA,30,199,United States,North America
3813,2014,Target Corp,Minneapolis,USA,30,180,United States,North America
3170,2014,Colgate-Palmolive Co,New York,USA,30,153,United States,North America
8479,2014,PepsiCo Inc,Purchase,USA,30,102,United States,North America
8543,2014,Altria Group Inc,Richmond,USA,30,69,United States,North America
5568,2014,The Kraft Heinz Co,Pittsburgh,USA,30,59,United States,North America
3144,2014,Coca-Cola Co (The),Atlanta,USA,30,50,United States,North America
11259,2014,Walmart Inc,Bentonville,USA,30,47,United States,North America
7228,2014,Medtronic PLC,Galway,USA,35,1546,United States,North America
6266,2014,Johnson & Johnson,New Brunswick,USA,35,1128,United States,North America
25279,2014,Boston Scientific Corp,Marlborough,USA,35,1031,United States,North America
1078,2014,Abbott Laboratories,North Chicago,USA,35,833,United States,North America
16101,2014,AbbVie Inc,North Chicago,USA,35,463,United States,North America
7257,2014,Merck & Co Inc,Rahway,USA,35,452,United States,North America
2111,2014,Becton Dickinson and Co,Franklin Lakes,USA,35,420,United States,North America
10115,2014,Stryker Corp,Portage,USA,35,335,United States,North America
144559,2014,Zimmer Biomet Holdings Inc,Warsaw,USA,35,259,United States,North America
2403,2014,Bristol-Myers Squibb Co,Princeton,USA,35,196,United States,North America
2176,2014,Berkshire Hathaway Inc,Omaha,USA,40,256,United States,North America
7647,2014,Bank of America Corp,Charlotte,USA,40,240,United States,North America
179534,2014,Visa Inc,San Francisco,USA,40,160,United States,North America
122554,2014,United Services Auto Assn,San Antonio,USA,40,119,United States,North America
2968,2014,JPMorgan Chase & Co,New York,USA,40,103,United States,North America
61004,2014,Acacia Research Corp,New York,USA,40,74,United States,North America
160225,2014,Mastercard Inc,Purchase,USA,40,72,United States,North America
1447,2014,American Express Co,New York,USA,40,68,United States,North America
61739,2014,Hartford Insurance Group Inc (The),Hartford,USA,40,63,United States,North America
149070,2014,CME Group Inc,Chicago,USA,40,48,United States,North America
6066,2014,International Business Machines Corp,Armonk,USA,45,7851,United States,North America
12141,2014,Microsoft Corp,Redmond,USA,45,3496,United States,North America
24800,2014,QUALCOMM Inc.,San Diego,USA,45,2728,United States,North America
1690,2014,Apple Inc,Cupertino,USA,45,2216,United States,North America
180711,2014,Broadcom Inc,Palo Alto,USA,45,2194,United States,North America
6008,2014,Intel Corp,Santa Clara,USA,45,2178,United States,North America
5606,2014,HP Inc,Palo Alto,USA,45,1713,United States,North America
65986,2014,BlackBerry Ltd,Waterloo,CAN,45,1471,Canada,North America
20779,2014,Cisco Systems Inc,San Jose,USA,45,1221,United States,North America
137310,2014,Marvell Technology Inc,Wilmington,USA,45,1134,United States,North America
160329,2014,Alphabet Inc,Mountain View,USA,50,2737,United States,North America
9899,2014,AT&T Inc,Dallas,USA,50,1857,United States,North America
2136,2014,Verizon Communications Inc,New York,USA,50,888,United States,North America
170617,2014,Meta Platforms Inc,Menlo Park,USA,50,297,United States,North America
3980,2014,Walt Disney Co (The),Burbank,USA,50,291,United States,North America
147204,2014,Cogent Communications Holdings Inc,Washington,USA,50,267,United States,North America
120178,2014,Voicestream Wireless Corp,Bellevue,USA,50,242,United States,North America
2884,2014,Lumen Technologies Inc,Monroe,USA,50,151,United States,North America
179202,2014,EchoStar Corp,Englewood,USA,50,150,United States,North America
3226,2014,Comcast Corp,Philadelphia,USA,50,96,United States,North America
5808,2014,Hydro Quebec,Montreal,CAN,55,12,Canada,North America
9850,2014,Southern Co (The),Atlanta,USA,55,9,United States,North America
4517,2014,NextEra Energy Inc,Juno Beach,USA,55,8,United States,North America
3413,2014,Consolidated Edison Inc.,New York,USA,55,6,United States,North America
160913,2014,Ormat Technologies Inc,Reno,USA,55,6,United States,North America
190590,2014,Genie Energy Ltd,Newark,USA,55,5,United States,North America
135990,2014,NRG Energy Inc,Houston,USA,55,4,United States,North America
165876,2014,Ecosphere Technologies Inc,Stuart,USA,55,3,United States,North America
4383,2014,Atmos Energy Corp,Dallas,USA,55,2,United States,North America
8093,2014,Covanta Energy Corp,Fairfield,USA,55,2,United States,North America
11456,2014,Weyerhaeuser Co,Seattle,USA,60,35,United States,North America
138743,2014,Equinix Inc,Redwood City,USA,60,4,United States,North America
65108,2014,Jones Lang LaSalle Inc,Chicago,USA,60,3,United States,North America
112111,2014,CoStar Group Inc,Washington,USA,60,3,United States,North America
32102,2014,Redfin Corp,Seattle,USA,60,2,United States,North America
163968,2014,Altus Group Ltd,Toronto,CAN,60,2,Canada,North America
187039,2014,Zillow Group Inc,Seattle,USA,60,2,United States,North America
7402,2014,Miller Industries Inc,Miami,USA,60,1,United States,North America
33433,2014,WeWork Inc,New York,USA,60,1,United States,North America
62374,2014,Iron Mountain Inc,Portsmouth,USA,60,1,United States,North America
10811,2014,UOP Inc,Des Plaines,USA,NA,215,United States,North America
6491,2014,Kohler Co,Kohler,USA,NA,142,United States,North America
5367,2014,Guardian Industries,Auburn Hills,USA,NA,68,United States,North America
8124,2014,Olinkraft Inc,Atlanta,USA,NA,58,United States,North America
2789,2014,Carrier Corp,Palm Beach Gardens,USA,NA,56,United States,North America
8198,2014,Otis Elevator Co,Farmington,USA,NA,47,United States,North America
1248,2014,Alcon Laboratories Inc,Fort Worth,USA,NA,46,United States,North America
7224,2014,Medline Industries Inc,Northfield,USA,NA,46,United States,North America
9239,2014,Rosemount Inc,Chanhassen,USA,NA,24,United States,North America
1965,2014,Babcock & Wilcox Co,Barberton,USA,NA,20,United States,North America
222111,2014,Petroleo Brasileiro S.A.- Petrobras,Rio De Janeiro,BRA,10,12,Brazil,Other
213479,2014,TotalEnergies Marketing Kenya PLC,Nairobi,KEN,10,10,Kenya,Other
61535,2014,Petroleos De Venezuela SA,Caracas,VEN,10,7,Venezuela,Other
287882,2014,Ecopetrol SA,Bogota,COL,10,3,Colombia,Other
100465,2014,Sasol Ltd,Johannesburg,ZAF,15,11,South Africa,Other
209382,2014,Vale SA,Rio De Janeiro,BRA,15,8,Brazil,Other
30806,2014,Fibria Celulose SA,Sao Paulo,BRA,15,5,Brazil,Other
200499,2014,Vallourec & Mannesmann Tubes,Belo Horizonte,BRA,15,4,Brazil,Other
200976,2014,Braskem SA,Sao Paulo,BRA,15,4,Brazil,Other
220211,2014,ICL GROUP LTD,Tel Aviv,ISR,15,3,Israel,Other
220217,2014,The Israel Corp Ltd,Tel Aviv,ISR,15,2,Israel,Other
249239,2014,Air Liquide Tunisie,Tunis,TUN,15,2,Tunisia,Other
100767,2014,AECI Ltd,Sandton,ZAF,15,1,South Africa,Other
170658,2014,Votorantim Cimentos SA,Sao Paulo,BRA,15,1,Brazil,Other
289223,2014,Alaris Holdings Ltd,Centurion,ZAF,20,43,South Africa,Other
65380,2014,Elbit Systems Ltd,Haifa,ISR,20,16,Israel,Other
213288,2014,Embraer SA,Sao Paulo,BRA,20,13,Brazil,Other
12596,2014,Aryt Industries Ltd,Or Yehuda,ISR,20,3,Israel,Other
170758,2014,Caesarstone Ltd,Menashe,ISR,20,3,Israel,Other
345709,2014,Highcon Systems Ltd,Yavne,ISR,20,3,Israel,Other
229436,2014,Aveng Ltd,Boksburg,ZAF,20,2,South Africa,Other
282767,2014,Sigdo Koppers S.A.,Las Condes,CHL,20,2,Chile,Other
351438,2014,Turbogen Ltd,Petah Tikva,ISR,20,2,Israel,Other
23243,2014,Kornit Digital Ltd,Rosh Haayin,ISR,20,1,Israel,Other
206059,2014,Naspers Ltd,Cape Town,ZAF,25,9,South Africa,Other
205128,2014,Mahle-Metal Leve Sa,Mogi Guacu,BRA,25,3,Brazil,Other
212314,2014,Electrolux Do Brasil SA,Curitiba,BRA,25,2,Brazil,Other
220484,2014,Alpargatas SA,Sao Paulo,BRA,25,2,Brazil,Other
224604,2014,Delta Galil Industries Ltd,Caesarea,ISR,25,2,Israel,Other
345936,2014,Sonovia Ltd,Ramat Gan,ISR,25,2,Israel,Other
275668,2014,Maytronics Ltd,Jezreel Valley,ISR,25,1,Israel,Other
297402,2014,Tadiran Group Ltd,Petah Tikva,ISR,25,1,Israel,Other
270509,2014,Natura &Co Holding SA,Sao Paulo,BRA,30,42,Brazil,Other
313254,2014,Hortifrut S.A.,Santiago,CHL,30,7,Chile,Other
23290,2014,Strauss Group Ltd,Petah Tikva,ISR,30,3,Israel,Other
230388,2014,B.S.D Crown Ltd,Ramat Gan,ISR,30,1,Israel,Other
14538,2014,Teva Pharmaceutical Industries Ltd,Tel Aviv,ISR,35,79,Israel,Other
160902,2014,Syneron Medical Ltd,Yokneam Illit,ISR,35,12,Israel,Other
21022,2014,Mapi - Pharma Ltd,Ness Ziona,ISR,35,7,Israel,Other
21103,2014,Lifeward Ltd,Yokneam Illit,ISR,35,5,Israel,Other
175518,2014,Rosetta Genomics Ltd,Rehovot,ISR,35,5,Israel,Other
240221,2014,APS Technologies Ltd,Heteren,ZAF,35,4,South Africa,Other
275799,2014,Xylo Technologies Ltd,Tel Aviv,ISR,35,4,Israel,Other
295907,2014,Minapharm Pharmaceuticals SAE,Cairo,EGY,35,4,Egypt,Other
30554,2014,Taro Pharmaceutical Industries Ltd,Haifa,ISR,35,3,Israel,Other
286396,2014,Evogene Ltd,Rehovot,ISR,35,3,Israel,Other
279157,2014,Ecobank Transnational Inc,Lome,TGO,40,5,Togo,Other
209957,2014,Boe Ltd,Cape Town,ZAF,40,4,South Africa,Other
321213,2014,United Investment Ltd,Port Louis,MUS,40,2,Mauritius,Other
24946,2014,Momentum Group Limited,Centurion,ZAF,40,1,South Africa,Other
240228,2014,Discovery Ltd,Johannesburg,ZAF,40,1,South Africa,Other
61902,2014,NICE Ltd,Ra'anana,ISR,45,38,Israel,Other
28236,2014,Gilat Satellite Networks Ltd,Petah Tikva,ISR,45,14,Israel,Other
138501,2014,Ceragon Networks Ltd,Rosh Haayin,ISR,45,12,Israel,Other
63185,2014,Check Point Software Technologies Ltd,Tel Aviv,ISR,45,11,Israel,Other
23119,2014,SolarEdge Technologies Inc,Herzliya,ISR,45,10,Israel,Other
39786,2014,Valens Semiconductor Ltd,Hod Hasharon,ISR,45,10,Israel,Other
133564,2014,Camtek Ltd,Migdal Haemek,ISR,45,9,Israel,Other
177058,2014,SuperCom Ltd,Tel Aviv,ISR,45,6,Israel,Other
31255,2014,Tower Semiconductor Ltd,Migdal Haemek,ISR,45,5,Israel,Other
133905,2014,Nova Ltd,Rehovot,ISR,45,5,Israel,Other
317637,2014,Nexxen International Ltd,Tel Aviv-Yafo,ISR,50,3,Israel,Other
185276,2014,MagicJack VocalTec Ltd,Netanya,ISR,50,2,Israel,Other
125378,2014,Partner Communications Co Ltd,Rosh Ha'ayin,ISR,50,1,Israel,Other
220454,2014,Eskom,Sandton,ZAF,55,3,South Africa,Other
203607,2014,Light Servicos De Eletricidade SA,Rio de Janeiro,BRA,55,1,Brazil,Other
243145,2014,G City Ltd,Tel Aviv,ISR,60,4,Israel,Other
317586,2014,OCP S.A.,Casablanca,MAR,NA,1,Morocco,Other
334426,2015,Saudi Arabian Oil Company,Dhahran,SAU,10,164,Saudi Arabia,Asia Pacific
279449,2015,Idemitsu Kosan Co Ltd,Tokyo,JPN,10,111,Japan,Asia Pacific
100158,2015,ENEOS Holdings Inc,Tokyo,JPN,10,78,Japan,Asia Pacific
285205,2015,SK Innovation Co Ltd,Seoul,KOR,10,46,South Korea,Asia Pacific
140756,2015,CHINA PETROLEUM & CHEMICAL CORPORATION,Beijing,CHN,10,42,China,Asia Pacific
207074,2015,Reliance Industries Ltd,Mumbai,IND,10,19,India,Asia Pacific
203741,2015,SK Discovery Co Ltd,Seongnam-si,KOR,10,18,South Korea,Asia Pacific
102257,2015,Cosmo Energy Holdings Co Ltd,Tokyo,JPN,10,16,Japan,Asia Pacific
259380,2015,Japan Petroleum Exploration Co Ltd,Tokyo,JPN,10,13,Japan,Asia Pacific
271196,2015,Inpex Corp,Tokyo,JPN,10,13,Japan,Asia Pacific
245036,2015,Lg Chem Ltd,Seoul,KOR,15,536,South Korea,Asia Pacific
100697,2015,Shin-Etsu Chemical Co Ltd,Tokyo,JPN,15,266,Japan,Asia Pacific
100683,2015,Nitto Denko Corp,Osaka,JPN,15,214,Japan,Asia Pacific
100689,2015,Sumitomo Chemical Co Ltd,Tokyo,JPN,15,211,Japan,Asia Pacific
100155,2015,Nippon Steel Corp,Tokyo,JPN,15,196,Japan,Asia Pacific
100724,2015,Toray Industries Inc,Tokyo,JPN,15,170,Japan,Asia Pacific
100696,2015,Resonac Holdings Corporation,Tokyo,JPN,15,162,Japan,Asia Pacific
100258,2015,Asahi Kasei Corp,Tokyo,JPN,15,153,Japan,Asia Pacific
100393,2015,Hitachi Metals Ltd,Tokyo,JPN,15,143,Japan,Asia Pacific
248963,2015,Saudi Basic Industries Corp,Riyadh,SAU,15,143,Saudi Arabia,Asia Pacific
10622,2015,Toshiba Corp,Tokyo,JPN,20,2811,Japan,Asia Pacific
5650,2015,Hitachi Ltd,Tokyo,JPN,20,1104,Japan,Asia Pacific
19043,2015,Mitsubishi Electric Corp,Tokyo,JPN,20,1027,Japan,Asia Pacific
100012,2015,Mitsubishi Heavy Industries Ltd,Tokyo,JPN,20,359,Japan,Asia Pacific
101851,2015,Fuji Electric Co Ltd,Tokyo,JPN,20,218,Japan,Asia Pacific
6494,2015,Komatsu Ltd,Tokyo,JPN,20,215,Japan,Asia Pacific
221821,2015,Nidec Corporation,Kyoto,JPN,20,157,Japan,Asia Pacific
101138,2015,Daikin Industries Ltd,Osaka,JPN,20,156,Japan,Asia Pacific
100288,2015,Kawasaki Heavy Industries Ltd,Tokyo,JPN,20,143,Japan,Asia Pacific
20145,2015,Furukawa Electric Co Ltd,Chiyoda,JPN,20,140,Japan,Asia Pacific
251303,2015,Lg Electronics Inc,Seoul,KOR,25,2744,South Korea,Asia Pacific
9818,2015,Sony Group Corporation,Tokyo,JPN,25,2726,Japan,Asia Pacific
7114,2015,Panasonic Holdings Corporation,Kadoma,JPN,25,2530,Japan,Asia Pacific
19661,2015,Toyota Motor Corp,Toyota,JPN,25,1870,Japan,Asia Pacific
5691,2015,Honda Motor Co Ltd,Tokyo,JPN,25,1152,Japan,Asia Pacific
100699,2015,Sharp Corp,Sakai,JPN,25,1099,Japan,Asia Pacific
19112,2015,Denso Corp,Kariya,JPN,25,833,Japan,Asia Pacific
104607,2015,Hyundai Motor Co,Seoul,KOR,25,779,South Korea,Asia Pacific
19413,2015,Sumitomo Electric Industries Ltd,Osaka,JPN,25,544,Japan,Asia Pacific
19113,2015,Nissan Motor Co Ltd,Yokohama,JPN,25,426,Japan,Asia Pacific
104854,2015,Unicharm Corporation,Tokyo,JPN,30,132,Japan,Asia Pacific
18715,2015,Kao Corp,Tokyo,JPN,30,127,Japan,Asia Pacific
100253,2015,Ajinomoto Co Inc,Tokyo,JPN,30,55,Japan,Asia Pacific
19344,2015,Shiseido Co Ltd,Tokyo,JPN,30,43,Japan,Asia Pacific
278216,2015,Amorepacific Corp,Seoul,KOR,30,37,South Korea,Asia Pacific
286420,2015,CJ CheilJedang Corp,Seoul,KOR,30,22,South Korea,Asia Pacific
223528,2015,Japan Tobacco Inc,Tokyo,JPN,30,20,Japan,Asia Pacific
21896,2015,Kimree Inc,Huizhou,CHN,30,18,China,Asia Pacific
101866,2015,Meiji Holdings Co Ltd,Tokyo,JPN,30,17,Japan,Asia Pacific
313859,2015,Korea Kolmar Co Ltd,Sejong City,KOR,30,16,South Korea,Asia Pacific
100686,2015,Olympus Corp,Tokyo,JPN,35,653,Japan,Asia Pacific
100718,2015,Takeda Pharmaceutical Co Ltd,Tokyo,JPN,35,123,Japan,Asia Pacific
102146,2015,Terumo Corp,Tokyo,JPN,35,110,Japan,Asia Pacific
296288,2015,Otsuka Holdings Co Ltd,Tokyo,JPN,35,105,Japan,Asia Pacific
100433,2015,Hoya Corp,Tokyo,JPN,35,103,Japan,Asia Pacific
203090,2015,Hitachi Medical Corp,Tokyo,JPN,35,90,Japan,Asia Pacific
212635,2015,Cochlear Ltd,Sydney,AUS,35,77,Australia,Asia Pacific
350287,2015,PHC Holdings Corporation,Tokyo,JPN,35,77,Japan,Asia Pacific
212712,2015,Sysmex Corp,Kobe,JPN,35,73,Japan,Asia Pacific
100336,2015,Daiichi Sankyo Company Ltd,Tokyo,JPN,35,51,Japan,Asia Pacific
316556,2015,Jindal Poly Investment and Finance Co Ltd,New Delhi,IND,40,9,India,Asia Pacific
10137,2015,Sumitomo Mitsui Financial Group Inc,Tokyo,JPN,40,5,Japan,Asia Pacific
242218,2015,SBI Holdings Inc,Tokyo,JPN,40,5,Japan,Asia Pacific
25257,2015,Korea Development Bank,Seoul,KOR,40,4,South Korea,Asia Pacific
15627,2015,KK Tokyo Mitsubishi Ginko,Chiyoda,JPN,40,3,Japan,Asia Pacific
223068,2015,Piramal Enterprises Limited,Mumbai,IND,40,3,India,Asia Pacific
236556,2015,Industrial Bank of Korea,Seoul,KOR,40,2,South Korea,Asia Pacific
15613,2015,Nomura Holdings Inc,Tokyo,JPN,40,1,Japan,Asia Pacific
100547,2015,Marui Group Co Ltd,Tokyo,JPN,40,1,Japan,Asia Pacific
210285,2015,Astra Capital Ltd,West Perth,AUS,40,1,Australia,Asia Pacific
104604,2015,Samsung Electronics Co Ltd,Suwon,KOR,45,8602,South Korea,Asia Pacific
2721,2015,Canon Inc,Tokyo,JPN,45,4321,Japan,Asia Pacific
18467,2015,Fujitsu Ltd,Tokyo,JPN,45,1854,Japan,Asia Pacific
201395,2015,Taiwan Semiconductor Manufacturing Co Ltd,Hsinchu City,TWN,45,1788,Taiwan,Asia Pacific
9135,2015,Ricoh Co Ltd,Tokyo,JPN,45,1756,Japan,Asia Pacific
257018,2015,Seiko Epson Corp,Suwa,JPN,45,1638,Japan,Asia Pacific
100519,2015,Brother Industries Ltd,Nagoya,JPN,45,1263,Japan,Asia Pacific
6512,2015,Kyocera Corp,Kyoto,JPN,45,1121,Japan,Asia Pacific
203177,2015,Hon Hai Precision Industry Co Ltd,New Taipei City,TWN,45,1118,Taiwan,Asia Pacific
7652,2015,Nec Corp,Tokyo,JPN,45,995,Japan,Asia Pacific
7908,2015,Nippon Telegraph and Telephone Corporation,Tokyo,JPN,50,327,Japan,Asia Pacific
102450,2015,Nintendo Co Ltd,Kyoto,JPN,50,186,Japan,Asia Pacific
270615,2015,Tencent Holdings LTD,Shenzhen,CHN,50,166,China,Asia Pacific
133104,2015,KT Corporation,Seongnam-si,KOR,50,76,South Korea,Asia Pacific
203480,2015,SK Telecom Co Ltd,Seoul,KOR,50,63,South Korea,Asia Pacific
200595,2015,Konami Group Corporation,Tokyo,JPN,50,43,Japan,Asia Pacific
271885,2015,DeNA Co Ltd,Tokyo,JPN,50,41,Japan,Asia Pacific
221489,2015,Square Enix Hldgs Co Ltd,Tokyo,JPN,50,29,Japan,Asia Pacific
315992,2015,NHN Corp,Seongnam-si,KOR,50,24,South Korea,Asia Pacific
201584,2015,KDDI Corp,Tokyo,JPN,50,23,Japan,Asia Pacific
30874,2015,Korea Electric Power Corp,Naju-Si,KOR,55,30,South Korea,Asia Pacific
100846,2015,Osaka Gas Co Ltd,Osaka,JPN,55,11,Japan,Asia Pacific
100302,2015,Kansai Electric Power Co Inc,Osaka,JPN,55,9,Japan,Asia Pacific
100848,2015,Tokyo Gas Co Ltd,Tokyo,JPN,55,5,Japan,Asia Pacific
100450,2015,Chubu Electric Power Co Inc,Nagoya,JPN,55,4,Japan,Asia Pacific
100688,2015,Tokyo Electric Power Co Holdings Inc,Chiyoda,JPN,55,4,Japan,Asia Pacific
100439,2015,Chugoku Electric Power Co Inc,Hiroshima,JPN,55,3,Japan,Asia Pacific
100488,2015,Kyushu Electric Power Co Inc,Fukuoka City,JPN,55,3,Japan,Asia Pacific
216324,2015,Tianjin Development Holdings Ltd,Central,HKG,55,3,"Hong Kong, SAR China",Asia Pacific
271031,2015,Electric Power Development Co Ltd,Tokyo,JPN,55,3,Japan,Asia Pacific
200477,2015,Peking University Resources (Holdings) Co Ltd,Causeway Bay,HKG,60,50,"Hong Kong, SAR China",Asia Pacific
319007,2015,DAMAC Properties Dubai Co P.S.C.,Dubai,ARE,60,3,United Arab Emirates,Asia Pacific
100436,2015,Daikyo Inc,Tokyo,JPN,60,2,Japan,Asia Pacific
203386,2015,Cytori Cell Research Institute Inc,Tokyo,JPN,60,1,Japan,Asia Pacific
205615,2015,Shenzhen Investment Ltd,Tsim Sha Tsui,HKG,60,1,"Hong Kong, SAR China",Asia Pacific
209488,2015,ProsperCap Corporation Ltd,Singapore,SGP,60,1,Singapore,Asia Pacific
212872,2015,Sansiri Pcl,Bangkok,THA,60,1,Thailand,Asia Pacific
243867,2015,Su Zhou Hi & New-Tech Industry Development Area Co Ltd,Suzhou,CHN,60,1,China,Asia Pacific
270319,2015,Meiho Enterprise Co Ltd,Tokyo,JPN,60,1,Japan,Asia Pacific
282105,2015,Embassy Developments Limited,Mumbai,IND,60,1,India,Asia Pacific
202875,2015,KDK Corp,Kyoto,JPN,NA,55,Japan,Asia Pacific
321386,2015,Suntory Holdings Ltd,Tokyo,JPN,NA,44,Japan,Asia Pacific
332577,2015,Supernet Technologies Ltd,Karachi,PAK,NA,11,Pakistan,Asia Pacific
343415,2015,Sync Power Corp,Taipei,TWN,NA,2,Taiwan,Asia Pacific
102484,2015,Donaghys Ltd,Christchurch,NZL,NA,1,New Zealand,Asia Pacific
320661,2015,Glac Biotech Co Ltd,Tainan,TWN,NA,1,Taiwan,Asia Pacific
343791,2015,ThroughTek Co Ltd,Taipei,TWN,NA,1,Taiwan,Asia Pacific
24625,2015,TotalEnergies SE,Courbevoie,FRA,10,154,France,Europe
102983,2015,Viridien Societe anonyme,Massy,FRA,10,39,France,Europe
216613,2015,TGS ASA,Oslo,NOR,10,32,Norway,Europe
61616,2015,Eni SpA,Rome,ITA,10,29,Italy,Europe
101083,2015,Saipem SpA,Milan,ITA,10,26,Italy,Europe
220546,2015,Equinor ASA,Stavanger,NOR,10,25,Norway,Europe
270267,2015,Akastor ASA,Baerum,NOR,10,21,Norway,Europe
12384,2015,Shell Plc,London,GBR,10,20,United Kingdom,Europe
318426,2015,Aker Solutions ASA,Fornebu,NOR,10,18,Norway,Europe
2410,2015,BP plc,London,GBR,10,14,United Kingdom,Europe
17436,2015,BASF SE,Ludwigshafen am Rhein,DEU,15,731,Germany,Europe
241216,2015,"Syngenta AG, Basel",Basel,CHE,15,185,Switzerland,Europe
295421,2015,Evonik Industries AG,Essen,DEU,15,181,Germany,Europe
102454,2015,DSM Firmenich AG,Kaiseraugst,CHE,15,179,Switzerland,Europe
101394,2015,"Solvay SA, Bruxelles",Brussels,BEL,15,147,Belgium,Europe
101202,2015,L'Air Liquide SA,Paris,FRA,15,101,France,Europe
241336,2015,Novonesis A/S,Bagsvaerd,DNK,15,100,Denmark,Europe
277043,2015,Arkema,Colombes,FRA,15,92,France,Europe
220789,2015,Dyson Group PLC,Chesterfield,GBR,15,86,United Kingdom,Europe
25124,2015,Linde Plc,Woking,GBR,15,82,United Kingdom,Europe
19349,2015,Siemens AG,Munich,DEU,20,1236,Germany,Europe
220833,2015,Airbus SE,Leiden,NLD,20,750,Netherlands,Europe
210418,2015,ABB Ltd,Zurich,CHE,20,387,Switzerland,Europe
4199,2015,Eaton Corporation plc,Dublin,IRL,20,383,Ireland,Europe
315541,2015,Osram Licht AG,Munich,DEU,20,284,Germany,Europe
100499,2015,Rolls Royce Holdings PLC,London,GBR,20,272,United Kingdom,Europe
101811,2015,Compagnie de Saint Gobain S A,Courbevoie,FRA,20,241,France,Europe
13556,2015,Thales SA,Meudon,FRA,20,214,France,Europe
63477,2015,BAE Systems PLC,Camberley,GBR,20,206,United Kingdom,Europe
11749,2015,Svenska Kullagerfabriken Skf AB,Gothenburg,SWE,20,186,Sweden,Europe
100609,2015,Continental AG,Hanover,DEU,25,396,Germany,Europe
100737,2015,Volkswagen AG,Wolfsburg,DEU,25,314,Germany,Europe
101277,2015,Compagnie Generale des Etablissements Michelin Societe en commandite par actions,Clermont-Ferrand,FRA,25,249,France,Europe
320124,2015,Schaeffler AG,Herzogenaurach,DEU,25,249,Germany,Europe
100022,2015,Bayerische Motoren Werke Aktiengesellschaft,Munich,DEU,25,178,Germany,Europe
101347,2015,Swatch Group AG,Biel/Bienne,CHE,25,172,Switzerland,Europe
17828,2015,Mercedes Benz Group AG,Stuttgart,DEU,25,165,Germany,Europe
102523,2015,Valeo SE,Paris,FRA,25,161,France,Europe
14620,2015,Electrolux AB,Stockholm,SWE,25,123,Sweden,Europe
101276,2015,Stellantis NV,Hoofddorp,NLD,25,116,Netherlands,Europe
100581,2015,LOreal SA,Clichy,FRA,30,161,France,Europe
16603,2015,"Nestle SA, Cham Und Vevey",Vevey,CHE,30,147,Switzerland,Europe
101942,2015,Henkel AG & Co KGaA,Dusseldorf,DEU,30,144,Germany,Europe
10846,2015,Unilever PLC,London,GBR,30,92,United Kingdom,Europe
324770,2015,Essity Aktiebolag,Stockholm,SWE,30,46,Sweden,Europe
221858,2015,Reckitt Benckiser Group PLC,Slough,GBR,30,43,United Kingdom,Europe
1932,2015,British American Tobacco PLC,London,GBR,30,35,United Kingdom,Europe
100083,2015,Beiersdorf AG,Hamburg,DEU,30,31,Germany,Europe
100775,2015,Koninklijke Numico NV,Hoofddorp,NLD,30,23,Netherlands,Europe
241637,2015,Anheuser-Busch InBev SA/NV,Leuven,BEL,30,15,Belgium,Europe
8546,2015,Koninklijke Philips NV,Amsterdam,NLD,35,1193,Netherlands,Europe
100080,2015,Bayer AG,Leverkusen,DEU,35,969,Germany,Europe
25648,2015,Roche Holding AG,Basel,CHE,35,426,Switzerland,Europe
101310,2015,Novartis AG,Basel,CHE,35,283,Switzerland,Europe
101204,2015,Sanofi,Paris,FRA,35,251,France,Europe
220301,2015,Merck KGaA,Darmstadt,DEU,35,237,Germany,Europe
326765,2015,Siemens Healthineers AG,Forchheim,DEU,35,189,Germany,Europe
101317,2015,Smith & Nephew PLC,Watford,GBR,35,169,United Kingdom,Europe
5180,2015,GSK plc,Brentford,GBR,35,154,United Kingdom,Europe
28272,2015,Astrazeneca PLC,Cambridge,GBR,35,112,United Kingdom,Europe
206652,2015,OTP Bank PLC,Budapest,HUN,40,11,Hungary,Europe
15671,2015,Skandinaviska Enskilda Banken Ab,Stockholm,SWE,40,9,Sweden,Europe
278557,2015,Touchstone Innovations Plc,London,GBR,40,9,United Kingdom,Europe
3221,2015,Aon plc,Dublin,IRL,40,3,Ireland,Europe
15509,2015,HSBC Holdings PLC,London,GBR,40,3,United Kingdom,Europe
105547,2015,Barclays Bank PLC,London,GBR,40,3,United Kingdom,Europe
63546,2015,"Schweizerische Rueckversicherungs-Gesellschaft, Zuerich",Zurich,CHE,40,2,Switzerland,Europe
221682,2015,Sberbank of Russia OJSC,Moscow,RUS,40,2,Russian Federation,Europe
241016,2015,TP ICAP Group PLC,London,JEY,40,2,Jersey,Europe
15181,2015,Banco Bilbao Vizcaya Argentaria SA,Bilbao,ESP,40,1,Spain,Europe
4439,2015,Telefonaktiebolaget LM Ericsson (publ),Stockholm,SWE,45,1582,Sweden,Europe
23671,2015,Nokia OYJ,Espoo,FIN,45,979,Finland,Europe
132740,2015,Infineon Technologies AG,Neubiberg,DEU,45,927,Germany,Europe
31142,2015,STMicroelectronics NV,Schiphol,NLD,45,799,Netherlands,Europe
101352,2015,Alcatel-Lucent,Boulogne-Billancourt,FRA,45,723,France,Europe
103487,2015,SAP SE,Walldorf,DEU,45,642,Germany,Europe
125863,2015,Vantiva SA,Paris,FRA,45,323,France,Europe
177267,2015,TE Connectivity plc,Ballybrit,IRL,45,304,Ireland,Europe
184725,2015,NXP Semiconductors NV,Eindhoven,NLD,45,285,Netherlands,Europe
61214,2015,ASML Holding NV,Veldhoven,NLD,45,271,Netherlands,Europe
220940,2015,Orange SA,Issy-les-Moulineaux,FRA,50,126,France,Europe
14605,2015,WPP PLC,London,GBR,50,102,United Kingdom,Europe
2411,2015,BT Group PLC,London,GBR,50,64,United Kingdom,Europe
221616,2015,Deutsche Telekom AG,Bonn,DEU,50,40,Germany,Europe
14894,2015,Vodafone Group Public Limited Company,Newbury,GBR,50,39,United Kingdom,Europe
19151,2015,Telecom Italia SPA,Rome,ITA,50,37,Italy,Europe
61440,2015,Koninklijke Kpn NV,Rotterdam,NLD,50,21,Netherlands,Europe
13683,2015,Telefonica SA,Madrid,ESP,50,14,Spain,Europe
114927,2015,"Swisscom AG, Ittigen",Bern,CHE,50,14,Switzerland,Europe
220579,2015,Telia Company AB (publ),Solna,SWE,50,13,Sweden,Europe
100478,2015,"Sta Elettrica Sopracenerina (Ses), Locarno",Locarno,CHE,55,35,Switzerland,Europe
238616,2015,Veolia Environnement SA,Paris,FRA,55,19,France,Europe
220920,2015,EDF,Paris,FRA,55,14,France,Europe
213423,2015,Centrica PLC,Windsor,GBR,55,6,United Kingdom,Europe
103489,2015,Degremont SA,Paris,FRA,55,4,France,Europe
204671,2015,CEZ a s,Prague,CZE,55,3,Czechia,Europe
232646,2015,Orsted A/S,Fredericia,DNK,55,3,Denmark,Europe
349408,2015,Corporacion Acciona Energias Renovables S.A.,Madrid,ESP,55,3,Spain,Europe
100953,2015,RWE Aktiengesellschaft,Essen,DEU,55,2,Germany,Europe
102712,2015,"Acciona SA, Madrid",Madrid,ESP,55,2,Spain,Europe
279579,2015,Park Inc,Sofia,BGR,60,1,Bulgaria,Europe
211865,2015,Suunto Oy,Vantaa,FIN,NA,9,Finland,Europe
202242,2015,A. Friedr. Flender GmbH,Bocholt,DEU,NA,2,Germany,Europe
204389,2015,Bridport PLC,Somerset,GBR,NA,2,United Kingdom,Europe
3530,2015,Cornelius Co,Redon,FRA,NA,1,France,Europe
212156,2015,Oceana Investment Corp PLC,London,GBR,NA,1,United Kingdom,Europe
215449,2015,Ulstein Holding ASA,Ulsteinvik,NOR,NA,1,Norway,Europe
346469,2015,Medesis Pharma SA,Montpellier,FRA,NA,1,France,Europe
351923,2015,LIBERTINE HOLDINGS PLC,Sheffield,GBR,NA,1,United Kingdom,Europe
9465,2015,Schlumberger Ltd,Houston,USA,10,719,United States,North America
1976,2015,Baker Hughes Inc,Houston,USA,10,523,United States,North America
5439,2015,Halliburton Co,Houston,USA,10,508,United States,North America
4503,2015,Exxon Mobil Corp,Spring,USA,10,324,United States,North America
2991,2015,Chevron Corp,San Ramon,USA,10,205,United States,North America
9653,2015,Shell Oil Co,Houston,USA,10,186,United States,North America
4367,2015,Weatherford International plc,Houston,USA,10,88,United States,North America
63892,2015,NOV Inc,Houston,USA,10,83,United States,North America
33326,2015,ChampionX Corp,The Woodlands,USA,10,59,United States,North America
32106,2015,Baker Hughes a GE Co,Houston,USA,10,50,United States,North America
34443,2015,Dow Inc,Midland,USA,15,432,United States,North America
35168,2015,Corteva Inc,Indianapolis,USA,15,355,United States,North America
4087,2015,E. I. du Pont de Nemours and Co,Indianapolis,USA,15,327,United States,North America
162254,2015,Celanese Corp,Irving,USA,15,130,United States,North America
4060,2015,DuPont  De Nemours Inc,Wilmington,USA,15,120,United States,North America
4213,2015,Ecolab Inc.,Saint Paul,USA,15,114,United States,North America
8247,2015,PPG Industries Inc.,Pittsburgh,USA,15,95,United States,North America
6078,2015,International Flavors & Fragrances Inc,New York,USA,15,85,United States,North America
4061,2015,Dow Corning Corp,Midland,USA,15,78,United States,North America
29392,2015,Eastman Chemical Co,Kingsport,USA,15,75,United States,North America
5047,2015,GE Aerospace,Evendale,USA,20,2192,United States,North America
2285,2015,Boeing Co,Arlington,USA,20,1087,United States,North America
10983,2015,RTX Corp,Arlington,USA,20,1037,United States,North America
1300,2015,Honeywell International Inc,Charlotte,USA,20,852,United States,North America
2817,2015,Caterpillar Inc,Irving,USA,20,761,United States,North America
7435,2015,3M Co,Saint Paul,USA,20,651,United States,North America
3835,2015,DEERE & COMPANY,Moline,USA,20,301,United States,North America
6774,2015,Lockheed Martin Corp,Bethesda,USA,20,276,United States,North America
5878,2015,Illinois Tool Works Inc.,Glenview,USA,20,274,United States,North America
10163,2015,Sundstrand Corp,Rockford,USA,20,263,United States,North America
5073,2015,General Motors Co,Detroit,USA,25,1443,United States,North America
4839,2015,Ford Motor Co,Dearborn,USA,25,1350,United States,North America
64768,2015,Amazon.com Inc,Seattle,USA,25,1204,United States,North America
7906,2015,NIKE Inc,Beaverton,USA,25,507,United States,North America
10991,2015,Light & Wonder Inc,Las Vegas,USA,25,255,United States,North America
11465,2015,Whirlpool Corp,Benton Harbor,USA,25,250,United States,North America
6097,2015,International Game Technology,Las Vegas,USA,25,230,United States,North America
5234,2015,Goodyear Tire & Rubber Co,Akron,USA,25,191,United States,North America
114524,2015,eBay Inc.,San Jose,USA,25,181,United States,North America
6946,2015,Magna International Inc,Aurora,CAN,25,176,Canada,North America
8762,2015,Procter & Gamble Co (The),Cincinnati,USA,30,590,United States,North America
8596,2015,Pioneer Hi-Bred Internationl,Johnston,USA,30,200,United States,North America
3813,2015,Target Corp,Minneapolis,USA,30,139,United States,North America
6435,2015,Kimberly-Clark Corp,Dallas,USA,30,119,United States,North America
3170,2015,Colgate-Palmolive Co,New York,USA,30,113,United States,North America
8479,2015,PepsiCo Inc,Purchase,USA,30,87,United States,North America
8543,2015,Altria Group Inc,Richmond,USA,30,81,United States,North America
3144,2015,Coca-Cola Co (The),Atlanta,USA,30,78,United States,North America
11259,2015,Walmart Inc,Bentonville,USA,30,74,United States,North America
3121,2015,Clorox Co (The),Oakland,USA,30,55,United States,North America
7228,2015,Medtronic PLC,Galway,USA,35,1531,United States,North America
6266,2015,Johnson & Johnson,New Brunswick,USA,35,1141,United States,North America
25279,2015,Boston Scientific Corp,Marlborough,USA,35,720,United States,North America
1078,2015,Abbott Laboratories,North Chicago,USA,35,681,United States,North America
16101,2015,AbbVie Inc,North Chicago,USA,35,456,United States,North America
7257,2015,Merck & Co Inc,Rahway,USA,35,436,United States,North America
2111,2015,Becton Dickinson and Co,Franklin Lakes,USA,35,378,United States,North America
10115,2015,Stryker Corp,Portage,USA,35,350,United States,North America
144559,2015,Zimmer Biomet Holdings Inc,Warsaw,USA,35,225,United States,North America
2403,2015,Bristol-Myers Squibb Co,Princeton,USA,35,184,United States,North America
2176,2015,Berkshire Hathaway Inc,Omaha,USA,40,233,United States,North America
7647,2015,Bank of America Corp,Charlotte,USA,40,231,United States,North America
122554,2015,United Services Auto Assn,San Antonio,USA,40,74,United States,North America
179534,2015,Visa Inc,San Francisco,USA,40,72,United States,North America
61004,2015,Acacia Research Corp,New York,USA,40,71,United States,North America
122594,2015,State Farm Insurance,Bloomington,USA,40,51,United States,North America
26367,2015,Block Inc,Oakland,USA,40,50,United States,North America
24616,2015,PayPal Holdings Inc,San Jose,USA,40,49,United States,North America
160225,2015,Mastercard Inc,Purchase,USA,40,49,United States,North America
2968,2015,JPMorgan Chase & Co,New York,USA,40,41,United States,North America
6066,2015,International Business Machines Corp,Armonk,USA,45,7647,United States,North America
24800,2015,QUALCOMM Inc.,San Diego,USA,45,3099,United States,North America
12141,2015,Microsoft Corp,Redmond,USA,45,3062,United States,North America
6008,2015,Intel Corp,Santa Clara,USA,45,2583,United States,North America
1690,2015,Apple Inc,Cupertino,USA,45,2160,United States,North America
180711,2015,Broadcom Inc,Palo Alto,USA,45,1747,United States,North America
5606,2015,HP Inc,Palo Alto,USA,45,1451,United States,North America
11399,2015,Western Digital Corp,San Jose,USA,45,1171,United States,North America
14489,2015,Dell Technologies Inc,Round Rock,USA,45,1148,United States,North America
65986,2015,BlackBerry Ltd,Waterloo,CAN,45,1134,Canada,North America
160329,2015,Alphabet Inc,Mountain View,USA,50,3431,United States,North America
9899,2015,AT&T Inc,Dallas,USA,50,1222,United States,North America
2136,2015,Verizon Communications Inc,New York,USA,50,830,United States,North America
170617,2015,Meta Platforms Inc,Menlo Park,USA,50,401,United States,North America
147204,2015,Cogent Communications Holdings Inc,Washington,USA,50,309,United States,North America
3980,2015,Walt Disney Co (The),Burbank,USA,50,286,United States,North America
120178,2015,Voicestream Wireless Corp,Bellevue,USA,50,181,United States,North America
179202,2015,EchoStar Corp,Englewood,USA,50,171,United States,North America
2884,2015,Lumen Technologies Inc,Monroe,USA,50,166,United States,North America
3226,2015,Comcast Corp,Philadelphia,USA,50,146,United States,North America
135990,2015,NRG Energy Inc,Houston,USA,55,15,United States,North America
9850,2015,Southern Co (The),Atlanta,USA,55,8,United States,North America
4517,2015,NextEra Energy Inc,Juno Beach,USA,55,7,United States,North America
5808,2015,Hydro Quebec,Montreal,CAN,55,6,Canada,North America
165876,2015,Ecosphere Technologies Inc,Stuart,USA,55,6,United States,North America
3413,2015,Consolidated Edison Inc.,New York,USA,55,5,United States,North America
160913,2015,Ormat Technologies Inc,Reno,USA,55,5,United States,North America
24216,2015,AES Corp (The),Arlington,USA,55,3,United States,North America
65090,2015,San Diego Gas & Electric Co,San Diego,USA,55,3,United States,North America
161120,2015,Macquarie Infrastructure Holdings LLC,New York,USA,55,3,United States,North America
11456,2015,Weyerhaeuser Co,Seattle,USA,60,22,United States,North America
32102,2015,Redfin Corp,Seattle,USA,60,5,United States,North America
187039,2015,Zillow Group Inc,Seattle,USA,60,5,United States,North America
62374,2015,Iron Mountain Inc,Portsmouth,USA,60,3,United States,North America
112111,2015,CoStar Group Inc,Washington,USA,60,3,United States,North America
7402,2015,Miller Industries Inc,Miami,USA,60,2,United States,North America
138743,2015,Equinix Inc,Redwood City,USA,60,2,United States,North America
65108,2015,Jones Lang LaSalle Inc,Chicago,USA,60,1,United States,North America
113490,2015,Crown Castle Inc,Houston,USA,60,1,United States,North America
174022,2015,Anywhere Real Estate Inc,Madison,USA,60,1,United States,North America
10811,2015,UOP Inc,Des Plaines,USA,NA,239,United States,North America
6491,2015,Kohler Co,Kohler,USA,NA,138,United States,North America
2789,2015,Carrier Corp,Palm Beach Gardens,USA,NA,75,United States,North America
8124,2015,Olinkraft Inc,Atlanta,USA,NA,60,United States,North America
5367,2015,Guardian Industries,Auburn Hills,USA,NA,58,United States,North America
1248,2015,Alcon Laboratories Inc,Fort Worth,USA,NA,47,United States,North America
7224,2015,Medline Industries Inc,Northfield,USA,NA,45,United States,North America
8198,2015,Otis Elevator Co,Farmington,USA,NA,37,United States,North America
9239,2015,Rosemount Inc,Chanhassen,USA,NA,21,United States,North America
2910,2015,Chamberlain Manufacturing Co,Chicago,USA,NA,20,United States,North America
222111,2015,Petroleo Brasileiro S.A.- Petrobras,Rio De Janeiro,BRA,10,11,Brazil,Other
61535,2015,Petroleos De Venezuela SA,Caracas,VEN,10,10,Venezuela,Other
213479,2015,TotalEnergies Marketing Kenya PLC,Nairobi,KEN,10,8,Kenya,Other
287882,2015,Ecopetrol SA,Bogota,COL,10,1,Colombia,Other
100465,2015,Sasol Ltd,Johannesburg,ZAF,15,17,South Africa,Other
209382,2015,Vale SA,Rio De Janeiro,BRA,15,16,Brazil,Other
200499,2015,Vallourec & Mannesmann Tubes,Belo Horizonte,BRA,15,14,Brazil,Other
220211,2015,ICL GROUP LTD,Tel Aviv,ISR,15,6,Israel,Other
200512,2015,Suzano SA,Salvador,BRA,15,4,Brazil,Other
100767,2015,AECI Ltd,Sandton,ZAF,15,3,South Africa,Other
200976,2015,Braskem SA,Sao Paulo,BRA,15,3,Brazil,Other
204440,2015,Makhteshim Agan Industries Ltd,Jingzhou,ISR,15,3,Israel,Other
220217,2015,The Israel Corp Ltd,Tel Aviv,ISR,15,3,Israel,Other
16610,2015,Anglo American Platinum Ltd,Johannesburg,ZAF,15,1,South Africa,Other
289223,2015,Alaris Holdings Ltd,Centurion,ZAF,20,25,South Africa,Other
65380,2015,Elbit Systems Ltd,Haifa,ISR,20,14,Israel,Other
213288,2015,Embraer SA,Sao Paulo,BRA,20,14,Brazil,Other
346833,2015,Massivit 3D Printing Technologies Ltd,Lod,ISR,20,4,Israel,Other
222123,2015,Odebrecht SA,Salvador,BRA,20,3,Brazil,Other
229436,2015,Aveng Ltd,Boksburg,ZAF,20,2,South Africa,Other
282767,2015,Sigdo Koppers S.A.,Las Condes,CHL,20,2,Chile,Other
345709,2015,Highcon Systems Ltd,Yavne,ISR,20,2,Israel,Other
4248,2015,ELBIT Ltd,Herzliya,ISR,20,1,Israel,Other
23243,2015,Kornit Digital Ltd,Rosh Haayin,ISR,20,1,Israel,Other
206059,2015,Naspers Ltd,Cape Town,ZAF,25,9,South Africa,Other
205128,2015,Mahle-Metal Leve Sa,Mogi Guacu,BRA,25,7,Brazil,Other
275668,2015,Maytronics Ltd,Jezreel Valley,ISR,25,5,Israel,Other
220484,2015,Alpargatas SA,Sao Paulo,BRA,25,2,Brazil,Other
271218,2015,Grendene SA,Sobral,BRA,25,2,Brazil,Other
345936,2015,Sonovia Ltd,Ramat Gan,ISR,25,2,Israel,Other
202696,2015,Iochpe Maxion S A,Cruzeiro,BRA,25,1,Brazil,Other
204312,2015,Agan Chemical Manufacturers,Ashdod,ISR,25,1,Israel,Other
224604,2015,Delta Galil Industries Ltd,Caesarea,ISR,25,1,Israel,Other
285100,2015,Raval ACS Ltd,Beersheba,ISR,25,1,Israel,Other
270509,2015,Natura &Co Holding SA,Sao Paulo,BRA,30,46,Brazil,Other
23290,2015,Strauss Group Ltd,Petah Tikva,ISR,30,3,Israel,Other
215479,2015,Delta Corp,Harare,ZWE,30,2,Zimbabwe,Other
215911,2015,Seed-Co Ltd,Harare,ZWE,30,1,Zimbabwe,Other
243349,2015,Innodis Ltd,Port Louis,MUS,30,1,Mauritius,Other
14538,2015,Teva Pharmaceutical Industries Ltd,Tel Aviv,ISR,35,66,Israel,Other
160902,2015,Syneron Medical Ltd,Yokneam Illit,ISR,35,15,Israel,Other
175518,2015,Rosetta Genomics Ltd,Rehovot,ISR,35,8,Israel,Other
286396,2015,Evogene Ltd,Rehovot,ISR,35,8,Israel,Other
21022,2015,Mapi - Pharma Ltd,Ness Ziona,ISR,35,7,Israel,Other
211148,2015,Life Healthcare Group Holdings (Pty) Ltd,Johannesburg,ZAF,35,5,South Africa,Other
20956,2015,Silenseed Ltd,Jerusalem,ISR,35,3,Israel,Other
30554,2015,Taro Pharmaceutical Industries Ltd,Haifa,ISR,35,3,Israel,Other
138781,2015,Compugen Ltd,Holon,ISR,35,3,Israel,Other
186953,2015,InspireMD Inc,Tel Aviv,ISR,35,3,Israel,Other
279157,2015,Ecobank Transnational Inc,Lome,TGO,40,12,Togo,Other
209957,2015,Boe Ltd,Cape Town,ZAF,40,6,South Africa,Other
321213,2015,United Investment Ltd,Port Louis,MUS,40,2,Mauritius,Other
312464,2015,BTG Pactual Group,Sao Paulo,BRA,40,1,Brazil,Other
61902,2015,NICE Ltd,Ra'anana,ISR,45,37,Israel,Other
23119,2015,SolarEdge Technologies Inc,Herzliya,ISR,45,13,Israel,Other
177058,2015,SuperCom Ltd,Tel Aviv,ISR,45,12,Israel,Other
39786,2015,Valens Semiconductor Ltd,Hod Hasharon,ISR,45,8,Israel,Other
138501,2015,Ceragon Networks Ltd,Rosh Haayin,ISR,45,8,Israel,Other
28236,2015,Gilat Satellite Networks Ltd,Petah Tikva,ISR,45,7,Israel,Other
31255,2015,Tower Semiconductor Ltd,Migdal Haemek,ISR,45,6,Israel,Other
63185,2015,Check Point Software Technologies Ltd,Tel Aviv,ISR,45,6,Israel,Other
125074,2015,Radware Ltd,Tel Aviv,ISR,45,6,Israel,Other
133905,2015,Nova Ltd,Rehovot,ISR,45,6,Israel,Other
37752,2015,Playtika Holding Corp,Herzliya Pituach,ISR,50,1,Israel,Other
272760,2015,Leadcom Integrated Solutions Ltd,Or Yehuda,ISR,50,1,Israel,Other
317637,2015,Nexxen International Ltd,Tel Aviv-Yafo,ISR,50,1,Israel,Other
220454,2015,Eskom,Sandton,ZAF,55,1,South Africa,Other
243145,2015,G City Ltd,Tel Aviv,ISR,60,2,Israel,Other
334426,2016,Saudi Arabian Oil Company,Dhahran,SAU,10,233,Saudi Arabia,Asia Pacific
279449,2016,Idemitsu Kosan Co Ltd,Tokyo,JPN,10,89,Japan,Asia Pacific
100158,2016,ENEOS Holdings Inc,Tokyo,JPN,10,74,Japan,Asia Pacific
285205,2016,SK Innovation Co Ltd,Seoul,KOR,10,46,South Korea,Asia Pacific
140756,2016,CHINA PETROLEUM & CHEMICAL CORPORATION,Beijing,CHN,10,44,China,Asia Pacific
207074,2016,Reliance Industries Ltd,Mumbai,IND,10,20,India,Asia Pacific
102257,2016,Cosmo Energy Holdings Co Ltd,Tokyo,JPN,10,19,Japan,Asia Pacific
259380,2016,Japan Petroleum Exploration Co Ltd,Tokyo,JPN,10,17,Japan,Asia Pacific
203741,2016,SK Discovery Co Ltd,Seongnam-si,KOR,10,15,South Korea,Asia Pacific
271196,2016,Inpex Corp,Tokyo,JPN,10,15,Japan,Asia Pacific
245036,2016,Lg Chem Ltd,Seoul,KOR,15,494,South Korea,Asia Pacific
100697,2016,Shin-Etsu Chemical Co Ltd,Tokyo,JPN,15,252,Japan,Asia Pacific
100683,2016,Nitto Denko Corp,Osaka,JPN,15,214,Japan,Asia Pacific
100689,2016,Sumitomo Chemical Co Ltd,Tokyo,JPN,15,200,Japan,Asia Pacific
100393,2016,Hitachi Metals Ltd,Tokyo,JPN,15,195,Japan,Asia Pacific
100155,2016,Nippon Steel Corp,Tokyo,JPN,15,183,Japan,Asia Pacific
100724,2016,Toray Industries Inc,Tokyo,JPN,15,163,Japan,Asia Pacific
100258,2016,Asahi Kasei Corp,Tokyo,JPN,15,160,Japan,Asia Pacific
100696,2016,Resonac Holdings Corporation,Tokyo,JPN,15,155,Japan,Asia Pacific
100276,2016,Kobe Steel Ltd,Kobe,JPN,15,137,Japan,Asia Pacific
10622,2016,Toshiba Corp,Tokyo,JPN,20,2202,Japan,Asia Pacific
19043,2016,Mitsubishi Electric Corp,Tokyo,JPN,20,1200,Japan,Asia Pacific
5650,2016,Hitachi Ltd,Tokyo,JPN,20,989,Japan,Asia Pacific
100012,2016,Mitsubishi Heavy Industries Ltd,Tokyo,JPN,20,415,Japan,Asia Pacific
101851,2016,Fuji Electric Co Ltd,Tokyo,JPN,20,250,Japan,Asia Pacific
100048,2016,Fanuc Corp,Yamanashi,JPN,20,213,Japan,Asia Pacific
6494,2016,Komatsu Ltd,Tokyo,JPN,20,205,Japan,Asia Pacific
101138,2016,Daikin Industries Ltd,Osaka,JPN,20,201,Japan,Asia Pacific
100288,2016,Kawasaki Heavy Industries Ltd,Tokyo,JPN,20,177,Japan,Asia Pacific
102773,2016,Nichias Corp,Tokyo,JPN,20,163,Japan,Asia Pacific
251303,2016,Lg Electronics Inc,Seoul,KOR,25,2971,South Korea,Asia Pacific
9818,2016,Sony Group Corporation,Tokyo,JPN,25,2483,Japan,Asia Pacific
7114,2016,Panasonic Holdings Corporation,Kadoma,JPN,25,2109,Japan,Asia Pacific
19661,2016,Toyota Motor Corp,Toyota,JPN,25,1787,Japan,Asia Pacific
104607,2016,Hyundai Motor Co,Seoul,KOR,25,1102,South Korea,Asia Pacific
5691,2016,Honda Motor Co Ltd,Tokyo,JPN,25,1074,Japan,Asia Pacific
100699,2016,Sharp Corp,Sakai,JPN,25,914,Japan,Asia Pacific
19112,2016,Denso Corp,Kariya,JPN,25,819,Japan,Asia Pacific
19413,2016,Sumitomo Electric Industries Ltd,Osaka,JPN,25,612,Japan,Asia Pacific
19113,2016,Nissan Motor Co Ltd,Yokohama,JPN,25,514,Japan,Asia Pacific
104854,2016,Unicharm Corporation,Tokyo,JPN,30,113,Japan,Asia Pacific
18715,2016,Kao Corp,Tokyo,JPN,30,102,Japan,Asia Pacific
21896,2016,Kimree Inc,Huizhou,CHN,30,66,China,Asia Pacific
100253,2016,Ajinomoto Co Inc,Tokyo,JPN,30,61,Japan,Asia Pacific
286420,2016,CJ CheilJedang Corp,Seoul,KOR,30,41,South Korea,Asia Pacific
278216,2016,Amorepacific Corp,Seoul,KOR,30,38,South Korea,Asia Pacific
19344,2016,Shiseido Co Ltd,Tokyo,JPN,30,28,Japan,Asia Pacific
101866,2016,Meiji Holdings Co Ltd,Tokyo,JPN,30,22,Japan,Asia Pacific
105130,2016,Sakata Seed Corp,Yokohama,JPN,30,18,Japan,Asia Pacific
313859,2016,Korea Kolmar Co Ltd,Sejong City,KOR,30,18,South Korea,Asia Pacific
100686,2016,Olympus Corp,Tokyo,JPN,35,657,Japan,Asia Pacific
102146,2016,Terumo Corp,Tokyo,JPN,35,115,Japan,Asia Pacific
100718,2016,Takeda Pharmaceutical Co Ltd,Tokyo,JPN,35,105,Japan,Asia Pacific
100433,2016,Hoya Corp,Tokyo,JPN,35,89,Japan,Asia Pacific
212712,2016,Sysmex Corp,Kobe,JPN,35,81,Japan,Asia Pacific
350287,2016,PHC Holdings Corporation,Tokyo,JPN,35,75,Japan,Asia Pacific
212635,2016,Cochlear Ltd,Sydney,AUS,35,60,Australia,Asia Pacific
203090,2016,Hitachi Medical Corp,Tokyo,JPN,35,59,Japan,Asia Pacific
296288,2016,Otsuka Holdings Co Ltd,Tokyo,JPN,35,53,Japan,Asia Pacific
223013,2016,Reckitt Benckiser Ltd,Karachi,PAK,35,43,Pakistan,Asia Pacific
242218,2016,SBI Holdings Inc,Tokyo,JPN,40,14,Japan,Asia Pacific
25257,2016,Korea Development Bank,Seoul,KOR,40,8,South Korea,Asia Pacific
236556,2016,Industrial Bank of Korea,Seoul,KOR,40,5,South Korea,Asia Pacific
356377,2016,Rakuten Bank Ltd,Tokyo,JPN,40,5,Japan,Asia Pacific
223068,2016,Piramal Enterprises Limited,Mumbai,IND,40,2,India,Asia Pacific
271852,2016,Danal Co Ltd,Seongnam-si,KOR,40,2,South Korea,Asia Pacific
296395,2016,Renze Harvest International Limited,Admiralty,HKG,40,2,"Hong Kong, SAR China",Asia Pacific
316556,2016,Jindal Poly Investment and Finance Co Ltd,New Delhi,IND,40,2,India,Asia Pacific
15627,2016,KK Tokyo Mitsubishi Ginko,Chiyoda,JPN,40,1,Japan,Asia Pacific
24512,2016,Commonwealth Bank of Australia,Sydney,AUS,40,1,Australia,Asia Pacific
104604,2016,Samsung Electronics Co Ltd,Suwon,KOR,45,9409,South Korea,Asia Pacific
2721,2016,Canon Inc,Tokyo,JPN,45,3833,Japan,Asia Pacific
201395,2016,Taiwan Semiconductor Manufacturing Co Ltd,Hsinchu City,TWN,45,2325,Taiwan,Asia Pacific
18467,2016,Fujitsu Ltd,Tokyo,JPN,45,1869,Japan,Asia Pacific
257018,2016,Seiko Epson Corp,Suwa,JPN,45,1679,Japan,Asia Pacific
9135,2016,Ricoh Co Ltd,Tokyo,JPN,45,1489,Japan,Asia Pacific
6512,2016,Kyocera Corp,Kyoto,JPN,45,1161,Japan,Asia Pacific
204049,2016,SK Hynix Inc,Icheon-Si,KOR,45,1155,South Korea,Asia Pacific
7652,2016,Nec Corp,Tokyo,JPN,45,1007,Japan,Asia Pacific
100519,2016,Brother Industries Ltd,Nagoya,JPN,45,996,Japan,Asia Pacific
270615,2016,Tencent Holdings LTD,Shenzhen,CHN,50,385,China,Asia Pacific
7908,2016,Nippon Telegraph and Telephone Corporation,Tokyo,JPN,50,295,Japan,Asia Pacific
102450,2016,Nintendo Co Ltd,Kyoto,JPN,50,213,Japan,Asia Pacific
203480,2016,SK Telecom Co Ltd,Seoul,KOR,50,127,South Korea,Asia Pacific
133104,2016,KT Corporation,Seongnam-si,KOR,50,106,South Korea,Asia Pacific
200595,2016,Konami Group Corporation,Tokyo,JPN,50,54,Japan,Asia Pacific
315992,2016,NHN Corp,Seongnam-si,KOR,50,32,South Korea,Asia Pacific
221489,2016,Square Enix Hldgs Co Ltd,Tokyo,JPN,50,28,Japan,Asia Pacific
271885,2016,DeNA Co Ltd,Tokyo,JPN,50,27,Japan,Asia Pacific
164532,2016,Baidu Inc,Beijing,CHN,50,18,China,Asia Pacific
30874,2016,Korea Electric Power Corp,Naju-Si,KOR,55,17,South Korea,Asia Pacific
100302,2016,Kansai Electric Power Co Inc,Osaka,JPN,55,9,Japan,Asia Pacific
100690,2016,Tohoku Electric Power Co Inc,Sendai,JPN,55,7,Japan,Asia Pacific
100846,2016,Osaka Gas Co Ltd,Osaka,JPN,55,6,Japan,Asia Pacific
100488,2016,Kyushu Electric Power Co Inc,Fukuoka City,JPN,55,4,Japan,Asia Pacific
100439,2016,Chugoku Electric Power Co Inc,Hiroshima,JPN,55,3,Japan,Asia Pacific
100450,2016,Chubu Electric Power Co Inc,Nagoya,JPN,55,3,Japan,Asia Pacific
100688,2016,Tokyo Electric Power Co Holdings Inc,Chiyoda,JPN,55,3,Japan,Asia Pacific
204138,2016,Nippon Gas Co Ltd,Tokyo,JPN,55,3,Japan,Asia Pacific
206877,2016,China Resources Gas Group Ltd,Wan Chai,HKG,55,3,"Hong Kong, SAR China",Asia Pacific
200477,2016,Peking University Resources (Holdings) Co Ltd,Causeway Bay,HKG,60,41,"Hong Kong, SAR China",Asia Pacific
203386,2016,Cytori Cell Research Institute Inc,Tokyo,JPN,60,8,Japan,Asia Pacific
100436,2016,Daikyo Inc,Tokyo,JPN,60,7,Japan,Asia Pacific
270319,2016,Meiho Enterprise Co Ltd,Tokyo,JPN,60,5,Japan,Asia Pacific
319007,2016,DAMAC Properties Dubai Co P.S.C.,Dubai,ARE,60,4,United Arab Emirates,Asia Pacific
258161,2016,Times Universal Group Holdings Ltd,Sheung Wan,HKG,60,2,"Hong Kong, SAR China",Asia Pacific
212872,2016,Sansiri Pcl,Bangkok,THA,60,1,Thailand,Asia Pacific
221644,2016,Shenzhen Seg Co Ltd,Shenzhen,CHN,60,1,China,Asia Pacific
257071,2016,C C LAND HOLDINGS LTD,Wan Chai,HKG,60,1,"Hong Kong, SAR China",Asia Pacific
282105,2016,Embassy Developments Limited,Mumbai,IND,60,1,India,Asia Pacific
321386,2016,Suntory Holdings Ltd,Tokyo,JPN,NA,42,Japan,Asia Pacific
202875,2016,KDK Corp,Kyoto,JPN,NA,39,Japan,Asia Pacific
332577,2016,Supernet Technologies Ltd,Karachi,PAK,NA,11,Pakistan,Asia Pacific
358604,2016,Xikang Cloud Hospital Holdings Inc,Ningbo,CHN,NA,1,China,Asia Pacific
24625,2016,TotalEnergies SE,Courbevoie,FRA,10,179,France,Europe
102983,2016,Viridien Societe anonyme,Massy,FRA,10,99,France,Europe
216613,2016,TGS ASA,Oslo,NOR,10,59,Norway,Europe
61616,2016,Eni SpA,Rome,ITA,10,38,Italy,Europe
101083,2016,Saipem SpA,Milan,ITA,10,25,Italy,Europe
220546,2016,Equinor ASA,Stavanger,NOR,10,23,Norway,Europe
2410,2016,BP plc,London,GBR,10,19,United Kingdom,Europe
270267,2016,Akastor ASA,Baerum,NOR,10,17,Norway,Europe
28338,2016,Transocean Ltd,Steinhausen,CHE,10,14,Switzerland,Europe
100778,2016,SBM Offshore NV,Schiphol,NLD,10,12,Netherlands,Europe
17436,2016,BASF SE,Ludwigshafen am Rhein,DEU,15,624,Germany,Europe
102454,2016,DSM Firmenich AG,Kaiseraugst,CHE,15,194,Switzerland,Europe
241216,2016,"Syngenta AG, Basel",Basel,CHE,15,172,Switzerland,Europe
295421,2016,Evonik Industries AG,Essen,DEU,15,143,Germany,Europe
241336,2016,Novonesis A/S,Bagsvaerd,DNK,15,128,Denmark,Europe
101394,2016,"Solvay SA, Bruxelles",Brussels,BEL,15,120,Belgium,Europe
220789,2016,Dyson Group PLC,Chesterfield,GBR,15,119,United Kingdom,Europe
277043,2016,Arkema,Colombes,FRA,15,116,France,Europe
101202,2016,L'Air Liquide SA,Paris,FRA,15,107,France,Europe
320448,2016,Covestro AG,Leverkusen,DEU,15,92,Germany,Europe
19349,2016,Siemens AG,Munich,DEU,20,1191,Germany,Europe
220833,2016,Airbus SE,Leiden,NLD,20,702,Netherlands,Europe
4199,2016,Eaton Corporation plc,Dublin,IRL,20,455,Ireland,Europe
210418,2016,ABB Ltd,Zurich,CHE,20,424,Switzerland,Europe
315541,2016,Osram Licht AG,Munich,DEU,20,335,Germany,Europe
100499,2016,Rolls Royce Holdings PLC,London,GBR,20,271,United Kingdom,Europe
13556,2016,Thales SA,Meudon,FRA,20,217,France,Europe
101336,2016,Schneider Electric S E,Rueil-Malmaison,FRA,20,204,France,Europe
210495,2016,SNECMA Ste National D'Etude Et De Construction De Moteurs D'Avion,NA,FRA,20,196,France,Europe
101811,2016,Compagnie de Saint Gobain S A,Courbevoie,FRA,20,193,France,Europe
100609,2016,Continental AG,Hanover,DEU,25,451,Germany,Europe
100737,2016,Volkswagen AG,Wolfsburg,DEU,25,410,Germany,Europe
100022,2016,Bayerische Motoren Werke Aktiengesellschaft,Munich,DEU,25,222,Germany,Europe
320124,2016,Schaeffler AG,Herzogenaurach,DEU,25,192,Germany,Europe
101347,2016,Swatch Group AG,Biel/Bienne,CHE,25,181,Switzerland,Europe
101277,2016,Compagnie Generale des Etablissements Michelin Societe en commandite par actions,Clermont-Ferrand,FRA,25,178,France,Europe
17828,2016,Mercedes Benz Group AG,Stuttgart,DEU,25,152,Germany,Europe
102523,2016,Valeo SE,Paris,FRA,25,152,France,Europe
14620,2016,Electrolux AB,Stockholm,SWE,25,120,Sweden,Europe
27333,2016,Adient plc,Dublin,IRL,25,118,Ireland,Europe
16603,2016,"Nestle SA, Cham Und Vevey",Vevey,CHE,30,191,Switzerland,Europe
101942,2016,Henkel AG & Co KGaA,Dusseldorf,DEU,30,161,Germany,Europe
100581,2016,LOreal SA,Clichy,FRA,30,124,France,Europe
10846,2016,Unilever PLC,London,GBR,30,96,United Kingdom,Europe
324770,2016,Essity Aktiebolag,Stockholm,SWE,30,66,Sweden,Europe
221858,2016,Reckitt Benckiser Group PLC,Slough,GBR,30,59,United Kingdom,Europe
100083,2016,Beiersdorf AG,Hamburg,DEU,30,28,Germany,Europe
1932,2016,British American Tobacco PLC,London,GBR,30,27,United Kingdom,Europe
100775,2016,Koninklijke Numico NV,Hoofddorp,NLD,30,21,Netherlands,Europe
312871,2016,DE Master Blenders 1753 NV,Amsterdam,NLD,30,19,Netherlands,Europe
8546,2016,Koninklijke Philips NV,Amsterdam,NLD,35,1281,Netherlands,Europe
100080,2016,Bayer AG,Leverkusen,DEU,35,885,Germany,Europe
25648,2016,Roche Holding AG,Basel,CHE,35,492,Switzerland,Europe
101204,2016,Sanofi,Paris,FRA,35,307,France,Europe
101310,2016,Novartis AG,Basel,CHE,35,298,Switzerland,Europe
326765,2016,Siemens Healthineers AG,Forchheim,DEU,35,223,Germany,Europe
101317,2016,Smith & Nephew PLC,Watford,GBR,35,190,United Kingdom,Europe
220301,2016,Merck KGaA,Darmstadt,DEU,35,151,Germany,Europe
5180,2016,GSK plc,Brentford,GBR,35,145,United Kingdom,Europe
238442,2016,"Carl Zeiss Meditec AG, Jena",Jena,DEU,35,101,Germany,Europe
278557,2016,Touchstone Innovations Plc,London,GBR,40,27,United Kingdom,Europe
3221,2016,Aon plc,Dublin,IRL,40,7,Ireland,Europe
206652,2016,OTP Bank PLC,Budapest,HUN,40,7,Hungary,Europe
15671,2016,Skandinaviska Enskilda Banken Ab,Stockholm,SWE,40,5,Sweden,Europe
222302,2016,Intermediate Capital Group PLC,London,GBR,40,4,United Kingdom,Europe
105547,2016,Barclays Bank PLC,London,GBR,40,3,United Kingdom,Europe
21408,2016,Groupe Bruxelles Lambert SA,Brussels,BEL,40,2,Belgium,Europe
144496,2016,UBS Group AG,Zurich,CHE,40,2,Switzerland,Europe
223522,2016,Chesterton Inernational PLC,London,GBR,40,2,United Kingdom,Europe
251978,2016,Aareal Bank AG,Wiesbaden,DEU,40,2,Germany,Europe
4439,2016,Telefonaktiebolaget LM Ericsson (publ),Stockholm,SWE,45,1708,Sweden,Europe
132740,2016,Infineon Technologies AG,Neubiberg,DEU,45,1104,Germany,Europe
23671,2016,Nokia OYJ,Espoo,FIN,45,1024,Finland,Europe
31142,2016,STMicroelectronics NV,Schiphol,NLD,45,815,Netherlands,Europe
103487,2016,SAP SE,Walldorf,DEU,45,591,Germany,Europe
101352,2016,Alcatel-Lucent,Boulogne-Billancourt,FRA,45,563,France,Europe
184725,2016,NXP Semiconductors NV,Eindhoven,NLD,45,302,Netherlands,Europe
177267,2016,TE Connectivity plc,Ballybrit,IRL,45,288,Ireland,Europe
125863,2016,Vantiva SA,Paris,FRA,45,262,France,Europe
61214,2016,ASML Holding NV,Veldhoven,NLD,45,260,Netherlands,Europe
220940,2016,Orange SA,Issy-les-Moulineaux,FRA,50,100,France,Europe
14605,2016,WPP PLC,London,GBR,50,85,United Kingdom,Europe
2411,2016,BT Group PLC,London,GBR,50,40,United Kingdom,Europe
14894,2016,Vodafone Group Public Limited Company,Newbury,GBR,50,39,United Kingdom,Europe
221616,2016,Deutsche Telekom AG,Bonn,DEU,50,38,Germany,Europe
19151,2016,Telecom Italia SPA,Rome,ITA,50,24,Italy,Europe
33175,2016,Spotify Technology SA,Luxembourg City,LUX,50,23,Luxembourg,Europe
61440,2016,Koninklijke Kpn NV,Rotterdam,NLD,50,17,Netherlands,Europe
13683,2016,Telefonica SA,Madrid,ESP,50,15,Spain,Europe
114927,2016,"Swisscom AG, Ittigen",Bern,CHE,50,10,Switzerland,Europe
220920,2016,EDF,Paris,FRA,55,23,France,Europe
238616,2016,Veolia Environnement SA,Paris,FRA,55,20,France,Europe
213423,2016,Centrica PLC,Windsor,GBR,55,12,United Kingdom,Europe
100478,2016,"Sta Elettrica Sopracenerina (Ses), Locarno",Locarno,CHE,55,6,Switzerland,Europe
103489,2016,Degremont SA,Paris,FRA,55,5,France,Europe
220942,2016,Engie SA,Courbevoie,FRA,55,5,France,Europe
201794,2016,Enel SpA,Rome,ITA,55,3,Italy,Europe
216667,2016,"ERG SPA, Milano",Genoa,ITA,55,3,Italy,Europe
289259,2016,Vigie SA,Paris,FRA,55,3,France,Europe
20130,2016,Atlantica Sustainable Infrastructure plc,Brentford,GBR,55,2,United Kingdom,Europe
210446,2016,MRM Sa,Paris,FRA,60,3,France,Europe
202242,2016,A. Friedr. Flender GmbH,Bocholt,DEU,NA,4,Germany,Europe
211865,2016,Suunto Oy,Vantaa,FIN,NA,4,Finland,Europe
337060,2016,Incanthera plc,Manchester,GBR,NA,2,United Kingdom,Europe
103245,2016,Asturienne Des Mines SA,Lot,BEL,NA,1,Belgium,Europe
204389,2016,Bridport PLC,Somerset,GBR,NA,1,United Kingdom,Europe
210525,2016,Virax SA,Epernay,FRA,NA,1,France,Europe
212156,2016,Oceana Investment Corp PLC,London,GBR,NA,1,United Kingdom,Europe
346469,2016,Medesis Pharma SA,Montpellier,FRA,NA,1,France,Europe
354233,2016,Railway Metrics and Dynamics Sweden AB publ,Stockholm,SWE,NA,1,Sweden,Europe
9465,2016,Schlumberger Ltd,Houston,USA,10,669,United States,North America
5439,2016,Halliburton Co,Houston,USA,10,598,United States,North America
1976,2016,Baker Hughes Inc,Houston,USA,10,451,United States,North America
4503,2016,Exxon Mobil Corp,Spring,USA,10,410,United States,North America
2991,2016,Chevron Corp,San Ramon,USA,10,167,United States,North America
9653,2016,Shell Oil Co,Houston,USA,10,163,United States,North America
4367,2016,Weatherford International plc,Houston,USA,10,116,United States,North America
63892,2016,NOV Inc,Houston,USA,10,100,United States,North America
33326,2016,ChampionX Corp,The Woodlands,USA,10,56,United States,North America
30923,2016,TechnipFMC plc,Houston,USA,10,42,United States,North America
34443,2016,Dow Inc,Midland,USA,15,457,United States,North America
35168,2016,Corteva Inc,Indianapolis,USA,15,433,United States,North America
4087,2016,E. I. du Pont de Nemours and Co,Indianapolis,USA,15,204,United States,North America
4213,2016,Ecolab Inc.,Saint Paul,USA,15,143,United States,North America
4060,2016,DuPont  De Nemours Inc,Wilmington,USA,15,139,United States,North America
29392,2016,Eastman Chemical Co,Kingsport,USA,15,93,United States,North America
5134,2016,Georgia-Pacific Corp,Atlanta,USA,15,91,United States,North America
148210,2016,Chevron Phillips Chemical Co LLC,The Woodlands,USA,15,84,United States,North America
162254,2016,Celanese Corp,Irving,USA,15,83,United States,North America
8247,2016,PPG Industries Inc.,Pittsburgh,USA,15,79,United States,North America
5047,2016,GE Aerospace,Evendale,USA,20,2125,United States,North America
2285,2016,Boeing Co,Arlington,USA,20,1178,United States,North America
10983,2016,RTX Corp,Arlington,USA,20,1094,United States,North America
1300,2016,Honeywell International Inc,Charlotte,USA,20,749,United States,North America
7435,2016,3M Co,Saint Paul,USA,20,736,United States,North America
2817,2016,Caterpillar Inc,Irving,USA,20,596,United States,North America
3835,2016,DEERE & COMPANY,Moline,USA,20,315,United States,North America
6774,2016,Lockheed Martin Corp,Bethesda,USA,20,269,United States,North America
5878,2016,Illinois Tool Works Inc.,Glenview,USA,20,266,United States,North America
10163,2016,Sundstrand Corp,Rockford,USA,20,248,United States,North America
64768,2016,Amazon.com Inc,Seattle,USA,25,1766,United States,North America
4839,2016,Ford Motor Co,Dearborn,USA,25,1703,United States,North America
5073,2016,General Motors Co,Detroit,USA,25,1249,United States,North America
7906,2016,NIKE Inc,Beaverton,USA,25,693,United States,North America
11465,2016,Whirlpool Corp,Benton Harbor,USA,25,332,United States,North America
10991,2016,Light & Wonder Inc,Las Vegas,USA,25,231,United States,North America
5234,2016,Goodyear Tire & Rubber Co,Akron,USA,25,184,United States,North America
114524,2016,eBay Inc.,San Jose,USA,25,179,United States,North America
6946,2016,Magna International Inc,Aurora,CAN,25,177,Canada,North America
6097,2016,International Game Technology,Las Vegas,USA,25,173,United States,North America
8762,2016,Procter & Gamble Co (The),Cincinnati,USA,30,597,United States,North America
3170,2016,Colgate-Palmolive Co,New York,USA,30,174,United States,North America
6435,2016,Kimberly-Clark Corp,Dallas,USA,30,156,United States,North America
3813,2016,Target Corp,Minneapolis,USA,30,114,United States,North America
8479,2016,PepsiCo Inc,Purchase,USA,30,82,United States,North America
8543,2016,Altria Group Inc,Richmond,USA,30,80,United States,North America
11259,2016,Walmart Inc,Bentonville,USA,30,71,United States,North America
3144,2016,Coca-Cola Co (The),Atlanta,USA,30,60,United States,North America
3121,2016,Clorox Co (The),Oakland,USA,30,51,United States,North America
41897,2016,Kenvue Inc,Skillman,USA,30,46,United States,North America
7228,2016,Medtronic PLC,Galway,USA,35,1398,United States,North America
6266,2016,Johnson & Johnson,New Brunswick,USA,35,1067,United States,North America
25279,2016,Boston Scientific Corp,Marlborough,USA,35,748,United States,North America
1078,2016,Abbott Laboratories,North Chicago,USA,35,687,United States,North America
7257,2016,Merck & Co Inc,Rahway,USA,35,396,United States,North America
2111,2016,Becton Dickinson and Co,Franklin Lakes,USA,35,394,United States,North America
16101,2016,AbbVie Inc,North Chicago,USA,35,370,United States,North America
10115,2016,Stryker Corp,Portage,USA,35,366,United States,North America
144559,2016,Zimmer Biomet Holdings Inc,Warsaw,USA,35,253,United States,North America
2403,2016,Bristol-Myers Squibb Co,Princeton,USA,35,209,United States,North America
7647,2016,Bank of America Corp,Charlotte,USA,40,290,United States,North America
2176,2016,Berkshire Hathaway Inc,Omaha,USA,40,233,United States,North America
24616,2016,PayPal Holdings Inc,San Jose,USA,40,151,United States,North America
179534,2016,Visa Inc,San Francisco,USA,40,81,United States,North America
160225,2016,Mastercard Inc,Purchase,USA,40,70,United States,North America
26367,2016,Block Inc,Oakland,USA,40,62,United States,North America
122554,2016,United Services Auto Assn,San Antonio,USA,40,61,United States,North America
122594,2016,State Farm Insurance,Bloomington,USA,40,55,United States,North America
1447,2016,American Express Co,New York,USA,40,41,United States,North America
2968,2016,JPMorgan Chase & Co,New York,USA,40,41,United States,North America
6066,2016,International Business Machines Corp,Armonk,USA,45,8328,United States,North America
6008,2016,Intel Corp,Santa Clara,USA,45,3411,United States,North America
12141,2016,Microsoft Corp,Redmond,USA,45,3254,United States,North America
24800,2016,QUALCOMM Inc.,San Diego,USA,45,3057,United States,North America
1690,2016,Apple Inc,Cupertino,USA,45,2563,United States,North America
39822,2016,GLOBALFOUNDRIES Inc,Malta,USA,45,1500,United States,North America
14489,2016,Dell Technologies Inc,Round Rock,USA,45,1347,United States,North America
180711,2016,Broadcom Inc,Palo Alto,USA,45,1340,United States,North America
20779,2016,Cisco Systems Inc,San Jose,USA,45,1123,United States,North America
11399,2016,Western Digital Corp,San Jose,USA,45,1049,United States,North America
160329,2016,Alphabet Inc,Mountain View,USA,50,3518,United States,North America
9899,2016,AT&T Inc,Dallas,USA,50,1203,United States,North America
2136,2016,Verizon Communications Inc,New York,USA,50,711,United States,North America
170617,2016,Meta Platforms Inc,Menlo Park,USA,50,479,United States,North America
147204,2016,Cogent Communications Holdings Inc,Washington,USA,50,293,United States,North America
3980,2016,Walt Disney Co (The),Burbank,USA,50,264,United States,North America
17874,2016,T-Mobile US Inc,Bellevue,USA,50,220,United States,North America
179202,2016,EchoStar Corp,Englewood,USA,50,209,United States,North America
3226,2016,Comcast Corp,Philadelphia,USA,50,186,United States,North America
2884,2016,Lumen Technologies Inc,Monroe,USA,50,121,United States,North America
135990,2016,NRG Energy Inc,Houston,USA,55,39,United States,North America
5808,2016,Hydro Quebec,Montreal,CAN,55,15,Canada,North America
160913,2016,Ormat Technologies Inc,Reno,USA,55,7,United States,North America
3413,2016,Consolidated Edison Inc.,New York,USA,55,5,United States,North America
4029,2016,Dominion Energy Inc,Richmond,USA,55,5,United States,North America
9850,2016,Southern Co (The),Atlanta,USA,55,5,United States,North America
65090,2016,San Diego Gas & Electric Co,San Diego,USA,55,4,United States,North America
4517,2016,NextEra Energy Inc,Juno Beach,USA,55,3,United States,North America
24216,2016,AES Corp (The),Arlington,USA,55,3,United States,North America
190590,2016,Genie Energy Ltd,Newark,USA,55,3,United States,North America
11456,2016,Weyerhaeuser Co,Seattle,USA,60,16,United States,North America
25632,2016,Kennedy-Wilson Holdings Inc,Beverly Hills,USA,60,7,United States,North America
187039,2016,Zillow Group Inc,Seattle,USA,60,4,United States,North America
7402,2016,Miller Industries Inc,Miami,USA,60,3,United States,North America
112111,2016,CoStar Group Inc,Washington,USA,60,3,United States,North America
32102,2016,Redfin Corp,Seattle,USA,60,2,United States,North America
65108,2016,Jones Lang LaSalle Inc,Chicago,USA,60,2,United States,North America
138743,2016,Equinix Inc,Redwood City,USA,60,2,United States,North America
33433,2016,WeWork Inc,New York,USA,60,1,United States,North America
38488,2016,Compass Inc,New York,USA,60,1,United States,North America
6491,2016,Kohler Co,Kohler,USA,NA,202,United States,North America
10811,2016,UOP Inc,Des Plaines,USA,NA,180,United States,North America
2789,2016,Carrier Corp,Palm Beach Gardens,USA,NA,69,United States,North America
5367,2016,Guardian Industries,Auburn Hills,USA,NA,64,United States,North America
7224,2016,Medline Industries Inc,Northfield,USA,NA,62,United States,North America
8198,2016,Otis Elevator Co,Farmington,USA,NA,53,United States,North America
8124,2016,Olinkraft Inc,Atlanta,USA,NA,52,United States,North America
9239,2016,Rosemount Inc,Chanhassen,USA,NA,39,United States,North America
1248,2016,Alcon Laboratories Inc,Fort Worth,USA,NA,31,United States,North America
2370,2016,Brass-Craft Manufacturing,Novi,USA,NA,21,United States,North America
213479,2016,TotalEnergies Marketing Kenya PLC,Nairobi,KEN,10,15,Kenya,Other
222111,2016,Petroleo Brasileiro S.A.- Petrobras,Rio De Janeiro,BRA,10,8,Brazil,Other
61535,2016,Petroleos De Venezuela SA,Caracas,VEN,10,1,Venezuela,Other
277768,2016,Lupatech SA,Sao Paulo,BRA,10,1,Brazil,Other
100465,2016,Sasol Ltd,Johannesburg,ZAF,15,15,South Africa,Other
209382,2016,Vale SA,Rio De Janeiro,BRA,15,14,Brazil,Other
200499,2016,Vallourec & Mannesmann Tubes,Belo Horizonte,BRA,15,9,Brazil,Other
220211,2016,ICL GROUP LTD,Tel Aviv,ISR,15,6,Israel,Other
204440,2016,Makhteshim Agan Industries Ltd,Jingzhou,ISR,15,4,Israel,Other
100767,2016,AECI Ltd,Sandton,ZAF,15,2,South Africa,Other
200512,2016,Suzano SA,Salvador,BRA,15,2,Brazil,Other
249239,2016,Air Liquide Tunisie,Tunis,TUN,15,2,Tunisia,Other
312823,2016,Carvajal Empaques SA,Cali,COL,15,2,Colombia,Other
17287,2016,Sibanye-Stillwater Limited,Weltevredenpark,ZAF,15,1,South Africa,Other
289223,2016,Alaris Holdings Ltd,Centurion,ZAF,20,32,South Africa,Other
213288,2016,Embraer SA,Sao Paulo,BRA,20,23,Brazil,Other
65380,2016,Elbit Systems Ltd,Haifa,ISR,20,16,Israel,Other
300107,2016,Nano Dimension Ltd,Ness Ziona,ISR,20,3,Israel,Other
345709,2016,Highcon Systems Ltd,Yavne,ISR,20,3,Israel,Other
222123,2016,Odebrecht SA,Salvador,BRA,20,2,Brazil,Other
274677,2016,Amiad Water Systems Ltd,Upper Galilee,ISR,20,2,Israel,Other
346647,2016,Phinergy Ltd,Lod,ISR,20,2,Israel,Other
23243,2016,Kornit Digital Ltd,Rosh Haayin,ISR,20,1,Israel,Other
64981,2016,Quinenco SA,Santiago,CHL,20,1,Chile,Other
206059,2016,Naspers Ltd,Cape Town,ZAF,25,13,South Africa,Other
271218,2016,Grendene SA,Sobral,BRA,25,4,Brazil,Other
297402,2016,Tadiran Group Ltd,Petah Tikva,ISR,25,4,Israel,Other
275668,2016,Maytronics Ltd,Jezreel Valley,ISR,25,3,Israel,Other
285100,2016,Raval ACS Ltd,Beersheba,ISR,25,3,Israel,Other
205128,2016,Mahle-Metal Leve Sa,Mogi Guacu,BRA,25,2,Brazil,Other
164276,2016,Leatt Corp,Durbanville,ZAF,25,1,South Africa,Other
177939,2016,Springs Global Participaccoes SA,Montes Claros,BRA,25,1,Brazil,Other
220484,2016,Alpargatas SA,Sao Paulo,BRA,25,1,Brazil,Other
270509,2016,Natura &Co Holding SA,Sao Paulo,BRA,30,31,Brazil,Other
224877,2016,Albad Massuot Yitzhak Ltd,Nir Yitzhak,ISR,30,4,Israel,Other
285188,2016,Marfrig Global Foods SA,Sao Paulo,BRA,30,3,Brazil,Other
313254,2016,Hortifrut S.A.,Santiago,CHL,30,3,Chile,Other
23290,2016,Strauss Group Ltd,Petah Tikva,ISR,30,2,Israel,Other
101112,2016,Tongaat- Hulett Ltd,Tongaat,ZAF,30,1,South Africa,Other
102277,2016,Tiger Brands Limited,Bryanston,ZAF,30,1,South Africa,Other
201140,2016,Ambev SA,Sao Paulo,BRA,30,1,Brazil,Other
230388,2016,B.S.D Crown Ltd,Ramat Gan,ISR,30,1,Israel,Other
275622,2016,Gan Shmuel Foods Ltd,Gan Shmuel,ISR,30,1,Israel,Other
14538,2016,Teva Pharmaceutical Industries Ltd,Tel Aviv,ISR,35,62,Israel,Other
160902,2016,Syneron Medical Ltd,Yokneam Illit,ISR,35,20,Israel,Other
286396,2016,Evogene Ltd,Rehovot,ISR,35,7,Israel,Other
138781,2016,Compugen Ltd,Holon,ISR,35,6,Israel,Other
211148,2016,Life Healthcare Group Holdings (Pty) Ltd,Johannesburg,ZAF,35,6,South Africa,Other
175518,2016,Rosetta Genomics Ltd,Rehovot,ISR,35,5,Israel,Other
152008,2016,Pluri Inc,Haifa,ISR,35,4,Israel,Other
240221,2016,APS Technologies Ltd,Heteren,ZAF,35,4,South Africa,Other
21103,2016,Lifeward Ltd,Yokneam Illit,ISR,35,2,Israel,Other
186953,2016,InspireMD Inc,Tel Aviv,ISR,35,2,Israel,Other
209957,2016,Boe Ltd,Cape Town,ZAF,40,17,South Africa,Other
279157,2016,Ecobank Transnational Inc,Lome,TGO,40,7,Togo,Other
321213,2016,United Investment Ltd,Port Louis,MUS,40,5,Mauritius,Other
240228,2016,Discovery Ltd,Johannesburg,ZAF,40,1,South Africa,Other
313992,2016,CIM Financial Services Ltd,Port Louis,MUS,40,1,Mauritius,Other
61902,2016,NICE Ltd,Ra'anana,ISR,45,35,Israel,Other
31255,2016,Tower Semiconductor Ltd,Migdal Haemek,ISR,45,15,Israel,Other
23119,2016,SolarEdge Technologies Inc,Herzliya,ISR,45,14,Israel,Other
39786,2016,Valens Semiconductor Ltd,Hod Hasharon,ISR,45,14,Israel,Other
125074,2016,Radware Ltd,Tel Aviv,ISR,45,13,Israel,Other
21002,2016,CyberArk Software Ltd,Petah Tikva,ISR,45,8,Israel,Other
133905,2016,Nova Ltd,Rehovot,ISR,45,7,Israel,Other
18869,2016,Wix.com Ltd,Tel Aviv,ISR,45,4,Israel,Other
28236,2016,Gilat Satellite Networks Ltd,Petah Tikva,ISR,45,4,Israel,Other
138501,2016,Ceragon Networks Ltd,Rosh Haayin,ISR,45,4,Israel,Other
29194,2016,Telecom Argentina SA,Buenos Aires,ARG,50,1,Argentina,Other
37752,2016,Playtika Holding Corp,Herzliya Pituach,ISR,50,1,Israel,Other
317637,2016,Nexxen International Ltd,Tel Aviv-Yafo,ISR,50,1,Israel,Other
220454,2016,Eskom,Sandton,ZAF,55,4,South Africa,Other
243145,2016,G City Ltd,Tel Aviv,ISR,60,3,Israel,Other
292693,2016,ADO Group Ltd,Tel Aviv,ISR,60,1,Israel,Other
317586,2016,OCP S.A.,Casablanca,MAR,NA,2,Morocco,Other
100343,2016,Standard Engineering Ltd,NA,ZAF,NA,1,South Africa,Other
334426,2017,Saudi Arabian Oil Company,Dhahran,SAU,10,310,Saudi Arabia,Asia Pacific
279449,2017,Idemitsu Kosan Co Ltd,Tokyo,JPN,10,107,Japan,Asia Pacific
285205,2017,SK Innovation Co Ltd,Seoul,KOR,10,79,South Korea,Asia Pacific
100158,2017,ENEOS Holdings Inc,Tokyo,JPN,10,64,Japan,Asia Pacific
140756,2017,CHINA PETROLEUM & CHEMICAL CORPORATION,Beijing,CHN,10,48,China,Asia Pacific
207074,2017,Reliance Industries Ltd,Mumbai,IND,10,30,India,Asia Pacific
203741,2017,SK Discovery Co Ltd,Seongnam-si,KOR,10,18,South Korea,Asia Pacific
102257,2017,Cosmo Energy Holdings Co Ltd,Tokyo,JPN,10,16,Japan,Asia Pacific
212777,2017,Indian Oil Corp Ltd,New Delhi,IND,10,14,India,Asia Pacific
133870,2017,PetroChina Company Limited,Beijing,CHN,10,12,China,Asia Pacific
245036,2017,Lg Chem Ltd,Seoul,KOR,15,645,South Korea,Asia Pacific
100697,2017,Shin-Etsu Chemical Co Ltd,Tokyo,JPN,15,259,Japan,Asia Pacific
100689,2017,Sumitomo Chemical Co Ltd,Tokyo,JPN,15,232,Japan,Asia Pacific
100155,2017,Nippon Steel Corp,Tokyo,JPN,15,186,Japan,Asia Pacific
100724,2017,Toray Industries Inc,Tokyo,JPN,15,184,Japan,Asia Pacific
100683,2017,Nitto Denko Corp,Osaka,JPN,15,176,Japan,Asia Pacific
100393,2017,Hitachi Metals Ltd,Tokyo,JPN,15,173,Japan,Asia Pacific
100258,2017,Asahi Kasei Corp,Tokyo,JPN,15,170,Japan,Asia Pacific
100276,2017,Kobe Steel Ltd,Kobe,JPN,15,162,Japan,Asia Pacific
19045,2017,Mitsubishi Chemical Group Corporation,Tokyo,JPN,15,149,Japan,Asia Pacific
10622,2017,Toshiba Corp,Tokyo,JPN,20,2198,Japan,Asia Pacific
19043,2017,Mitsubishi Electric Corp,Tokyo,JPN,20,1328,Japan,Asia Pacific
5650,2017,Hitachi Ltd,Tokyo,JPN,20,989,Japan,Asia Pacific
100012,2017,Mitsubishi Heavy Industries Ltd,Tokyo,JPN,20,433,Japan,Asia Pacific
100048,2017,Fanuc Corp,Yamanashi,JPN,20,329,Japan,Asia Pacific
101851,2017,Fuji Electric Co Ltd,Tokyo,JPN,20,303,Japan,Asia Pacific
6494,2017,Komatsu Ltd,Tokyo,JPN,20,248,Japan,Asia Pacific
102773,2017,Nichias Corp,Tokyo,JPN,20,217,Japan,Asia Pacific
101138,2017,Daikin Industries Ltd,Osaka,JPN,20,176,Japan,Asia Pacific
207909,2017,LS ELECTRIC Co Ltd,Anyang-Si,KOR,20,171,South Korea,Asia Pacific
251303,2017,Lg Electronics Inc,Seoul,KOR,25,3171,South Korea,Asia Pacific
9818,2017,Sony Group Corporation,Tokyo,JPN,25,2556,Japan,Asia Pacific
19661,2017,Toyota Motor Corp,Toyota,JPN,25,2354,Japan,Asia Pacific
7114,2017,Panasonic Holdings Corporation,Kadoma,JPN,25,1963,Japan,Asia Pacific
104607,2017,Hyundai Motor Co,Seoul,KOR,25,1377,South Korea,Asia Pacific
5691,2017,Honda Motor Co Ltd,Tokyo,JPN,25,1050,Japan,Asia Pacific
19112,2017,Denso Corp,Kariya,JPN,25,1002,Japan,Asia Pacific
100699,2017,Sharp Corp,Sakai,JPN,25,807,Japan,Asia Pacific
19413,2017,Sumitomo Electric Industries Ltd,Osaka,JPN,25,646,Japan,Asia Pacific
19113,2017,Nissan Motor Co Ltd,Yokohama,JPN,25,545,Japan,Asia Pacific
18715,2017,Kao Corp,Tokyo,JPN,30,96,Japan,Asia Pacific
286420,2017,CJ CheilJedang Corp,Seoul,KOR,30,65,South Korea,Asia Pacific
21896,2017,Kimree Inc,Huizhou,CHN,30,58,China,Asia Pacific
104854,2017,Unicharm Corporation,Tokyo,JPN,30,57,Japan,Asia Pacific
278216,2017,Amorepacific Corp,Seoul,KOR,30,37,South Korea,Asia Pacific
100253,2017,Ajinomoto Co Inc,Tokyo,JPN,30,31,Japan,Asia Pacific
19344,2017,Shiseido Co Ltd,Tokyo,JPN,30,29,Japan,Asia Pacific
223528,2017,Japan Tobacco Inc,Tokyo,JPN,30,25,Japan,Asia Pacific
313859,2017,Korea Kolmar Co Ltd,Sejong City,KOR,30,21,South Korea,Asia Pacific
105130,2017,Sakata Seed Corp,Yokohama,JPN,30,20,Japan,Asia Pacific
100686,2017,Olympus Corp,Tokyo,JPN,35,710,Japan,Asia Pacific
102146,2017,Terumo Corp,Tokyo,JPN,35,134,Japan,Asia Pacific
100718,2017,Takeda Pharmaceutical Co Ltd,Tokyo,JPN,35,125,Japan,Asia Pacific
100433,2017,Hoya Corp,Tokyo,JPN,35,98,Japan,Asia Pacific
212635,2017,Cochlear Ltd,Sydney,AUS,35,77,Australia,Asia Pacific
350287,2017,PHC Holdings Corporation,Tokyo,JPN,35,75,Japan,Asia Pacific
296288,2017,Otsuka Holdings Co Ltd,Tokyo,JPN,35,66,Japan,Asia Pacific
100336,2017,Daiichi Sankyo Company Ltd,Tokyo,JPN,35,61,Japan,Asia Pacific
212712,2017,Sysmex Corp,Kobe,JPN,35,55,Japan,Asia Pacific
223013,2017,Reckitt Benckiser Ltd,Karachi,PAK,35,45,Pakistan,Asia Pacific
242218,2017,SBI Holdings Inc,Tokyo,JPN,40,10,Japan,Asia Pacific
25257,2017,Korea Development Bank,Seoul,KOR,40,5,South Korea,Asia Pacific
272204,2017,NICE Holdings Co Ltd,Seoul,KOR,40,4,South Korea,Asia Pacific
223068,2017,Piramal Enterprises Limited,Mumbai,IND,40,2,India,Asia Pacific
240017,2017,Korea Information & Communication Co Ltd,Seoul,KOR,40,2,South Korea,Asia Pacific
248136,2017,Mizuho Financial Group Inc,Tokyo,JPN,40,2,Japan,Asia Pacific
316556,2017,Jindal Poly Investment and Finance Co Ltd,New Delhi,IND,40,2,India,Asia Pacific
15613,2017,Nomura Holdings Inc,Tokyo,JPN,40,1,Japan,Asia Pacific
205816,2017,Aiful Corp,Kyoto,JPN,40,1,Japan,Asia Pacific
212144,2017,Eastern Holdings Ltd,Singapore,SGP,40,1,Singapore,Asia Pacific
104604,2017,Samsung Electronics Co Ltd,Suwon,KOR,45,9444,South Korea,Asia Pacific
2721,2017,Canon Inc,Tokyo,JPN,45,3502,Japan,Asia Pacific
201395,2017,Taiwan Semiconductor Manufacturing Co Ltd,Hsinchu City,TWN,45,2443,Taiwan,Asia Pacific
18467,2017,Fujitsu Ltd,Tokyo,JPN,45,1794,Japan,Asia Pacific
242058,2017,Boe Technology Group Co Ltd,Beijing,CHN,45,1450,China,Asia Pacific
257018,2017,Seiko Epson Corp,Suwa,JPN,45,1440,Japan,Asia Pacific
9135,2017,Ricoh Co Ltd,Tokyo,JPN,45,1230,Japan,Asia Pacific
6512,2017,Kyocera Corp,Kyoto,JPN,45,1166,Japan,Asia Pacific
204049,2017,SK Hynix Inc,Icheon-Si,KOR,45,975,South Korea,Asia Pacific
7652,2017,Nec Corp,Tokyo,JPN,45,910,Japan,Asia Pacific
270615,2017,Tencent Holdings LTD,Shenzhen,CHN,50,376,China,Asia Pacific
7908,2017,Nippon Telegraph and Telephone Corporation,Tokyo,JPN,50,263,Japan,Asia Pacific
102450,2017,Nintendo Co Ltd,Kyoto,JPN,50,167,Japan,Asia Pacific
203480,2017,SK Telecom Co Ltd,Seoul,KOR,50,119,South Korea,Asia Pacific
133104,2017,KT Corporation,Seongnam-si,KOR,50,115,South Korea,Asia Pacific
200595,2017,Konami Group Corporation,Tokyo,JPN,50,49,Japan,Asia Pacific
290702,2017,GREE Holdings Inc,Tokyo,JPN,50,32,Japan,Asia Pacific
221489,2017,Square Enix Hldgs Co Ltd,Tokyo,JPN,50,31,Japan,Asia Pacific
164532,2017,Baidu Inc,Beijing,CHN,50,30,China,Asia Pacific
271885,2017,DeNA Co Ltd,Tokyo,JPN,50,26,Japan,Asia Pacific
30874,2017,Korea Electric Power Corp,Naju-Si,KOR,55,35,South Korea,Asia Pacific
100846,2017,Osaka Gas Co Ltd,Osaka,JPN,55,12,Japan,Asia Pacific
100439,2017,Chugoku Electric Power Co Inc,Hiroshima,JPN,55,9,Japan,Asia Pacific
293536,2017,China Longyuan Power Group Corp Ltd,Beijing,CHN,55,7,China,Asia Pacific
239856,2017,Korea Gas Corp,Daegu,KOR,55,5,South Korea,Asia Pacific
100302,2017,Kansai Electric Power Co Inc,Osaka,JPN,55,4,Japan,Asia Pacific
204138,2017,Nippon Gas Co Ltd,Tokyo,JPN,55,4,Japan,Asia Pacific
100450,2017,Chubu Electric Power Co Inc,Nagoya,JPN,55,3,Japan,Asia Pacific
200370,2017,Aygaz,Sisli,TUR,55,3,Turkey,Asia Pacific
206011,2017,Vivant Corp,Mandaue City,PHL,55,2,Philippines,Asia Pacific
200477,2017,Peking University Resources (Holdings) Co Ltd,Causeway Bay,HKG,60,25,"Hong Kong, SAR China",Asia Pacific
319007,2017,DAMAC Properties Dubai Co P.S.C.,Dubai,ARE,60,6,United Arab Emirates,Asia Pacific
100436,2017,Daikyo Inc,Tokyo,JPN,60,4,Japan,Asia Pacific
259184,2017,SC Asset Corp Public Co Ltd,Bangkok,THA,60,4,Thailand,Asia Pacific
17830,2017,Daiwa House Industry Co Ltd,Osaka,JPN,60,3,Japan,Asia Pacific
203386,2017,Cytori Cell Research Institute Inc,Tokyo,JPN,60,2,Japan,Asia Pacific
102555,2017,Great Eagle Holdings Ltd,Wan Chai,HKG,60,1,"Hong Kong, SAR China",Asia Pacific
241412,2017,Servcorp Ltd,Sydney,AUS,60,1,Australia,Asia Pacific
270319,2017,Meiho Enterprise Co Ltd,Tokyo,JPN,60,1,Japan,Asia Pacific
321386,2017,Suntory Holdings Ltd,Tokyo,JPN,NA,46,Japan,Asia Pacific
202875,2017,KDK Corp,Kyoto,JPN,NA,29,Japan,Asia Pacific
332577,2017,Supernet Technologies Ltd,Karachi,PAK,NA,12,Pakistan,Asia Pacific
343791,2017,ThroughTek Co Ltd,Taipei,TWN,NA,8,Taiwan,Asia Pacific
343415,2017,Sync Power Corp,Taipei,TWN,NA,3,Taiwan,Asia Pacific
102484,2017,Donaghys Ltd,Christchurch,NZL,NA,2,New Zealand,Asia Pacific
343443,2017,Ecocera Optronics Co Ltd,Taoyuan,TWN,NA,1,Taiwan,Asia Pacific
24625,2017,TotalEnergies SE,Courbevoie,FRA,10,190,France,Europe
102983,2017,Viridien Societe anonyme,Massy,FRA,10,99,France,Europe
216613,2017,TGS ASA,Oslo,NOR,10,53,Norway,Europe
61616,2017,Eni SpA,Rome,ITA,10,38,Italy,Europe
220546,2017,Equinor ASA,Stavanger,NOR,10,30,Norway,Europe
270267,2017,Akastor ASA,Baerum,NOR,10,19,Norway,Europe
101083,2017,Saipem SpA,Milan,ITA,10,14,Italy,Europe
346546,2017,Technip Energies,Nanterre,FRA,10,13,France,Europe
2410,2017,BP plc,London,GBR,10,11,United Kingdom,Europe
318426,2017,Aker Solutions ASA,Fornebu,NOR,10,11,Norway,Europe
17436,2017,BASF SE,Ludwigshafen am Rhein,DEU,15,567,Germany,Europe
241216,2017,"Syngenta AG, Basel",Basel,CHE,15,223,Switzerland,Europe
295421,2017,Evonik Industries AG,Essen,DEU,15,181,Germany,Europe
102454,2017,DSM Firmenich AG,Kaiseraugst,CHE,15,161,Switzerland,Europe
241336,2017,Novonesis A/S,Bagsvaerd,DNK,15,126,Denmark,Europe
220789,2017,Dyson Group PLC,Chesterfield,GBR,15,122,United Kingdom,Europe
101202,2017,L'Air Liquide SA,Paris,FRA,15,119,France,Europe
320448,2017,Covestro AG,Leverkusen,DEU,15,119,Germany,Europe
277043,2017,Arkema,Colombes,FRA,15,118,France,Europe
101394,2017,"Solvay SA, Bruxelles",Brussels,BEL,15,107,Belgium,Europe
19349,2017,Siemens AG,Munich,DEU,20,1117,Germany,Europe
220833,2017,Airbus SE,Leiden,NLD,20,669,Netherlands,Europe
4199,2017,Eaton Corporation plc,Dublin,IRL,20,537,Ireland,Europe
210418,2017,ABB Ltd,Zurich,CHE,20,431,Switzerland,Europe
100499,2017,Rolls Royce Holdings PLC,London,GBR,20,363,United Kingdom,Europe
321698,2017,Signify NV,Eindhoven,NLD,20,342,Netherlands,Europe
295786,2017,CNH Industrial N V,Basildon,GBR,20,334,United Kingdom,Europe
315541,2017,Osram Licht AG,Munich,DEU,20,328,Germany,Europe
210495,2017,SNECMA Ste National D'Etude Et De Construction De Moteurs D'Avion,NA,FRA,20,239,France,Europe
101336,2017,Schneider Electric S E,Rueil-Malmaison,FRA,20,233,France,Europe
100609,2017,Continental AG,Hanover,DEU,25,517,Germany,Europe
100737,2017,Volkswagen AG,Wolfsburg,DEU,25,456,Germany,Europe
320124,2017,Schaeffler AG,Herzogenaurach,DEU,25,274,Germany,Europe
100022,2017,Bayerische Motoren Werke Aktiengesellschaft,Munich,DEU,25,256,Germany,Europe
101347,2017,Swatch Group AG,Biel/Bienne,CHE,25,234,Switzerland,Europe
102523,2017,Valeo SE,Paris,FRA,25,234,France,Europe
101277,2017,Compagnie Generale des Etablissements Michelin Societe en commandite par actions,Clermont-Ferrand,FRA,25,203,France,Europe
14620,2017,Electrolux AB,Stockholm,SWE,25,144,Sweden,Europe
118122,2017,Aptiv PLC,Schaffhausen,CHE,25,137,Switzerland,Europe
102299,2017,Forvia SE,Nanterre,FRA,25,136,France,Europe
101942,2017,Henkel AG & Co KGaA,Dusseldorf,DEU,30,186,Germany,Europe
100581,2017,LOreal SA,Clichy,FRA,30,155,France,Europe
16603,2017,"Nestle SA, Cham Und Vevey",Vevey,CHE,30,150,Switzerland,Europe
10846,2017,Unilever PLC,London,GBR,30,69,United Kingdom,Europe
324770,2017,Essity Aktiebolag,Stockholm,SWE,30,55,Sweden,Europe
1932,2017,British American Tobacco PLC,London,GBR,30,43,United Kingdom,Europe
100083,2017,Beiersdorf AG,Hamburg,DEU,30,43,Germany,Europe
100775,2017,Koninklijke Numico NV,Hoofddorp,NLD,30,26,Netherlands,Europe
221858,2017,Reckitt Benckiser Group PLC,Slough,GBR,30,25,United Kingdom,Europe
312871,2017,DE Master Blenders 1753 NV,Amsterdam,NLD,30,25,Netherlands,Europe
8546,2017,Koninklijke Philips NV,Amsterdam,NLD,35,1065,Netherlands,Europe
100080,2017,Bayer AG,Leverkusen,DEU,35,837,Germany,Europe
25648,2017,Roche Holding AG,Basel,CHE,35,447,Switzerland,Europe
101310,2017,Novartis AG,Basel,CHE,35,314,Switzerland,Europe
101204,2017,Sanofi,Paris,FRA,35,308,France,Europe
326765,2017,Siemens Healthineers AG,Forchheim,DEU,35,293,Germany,Europe
101317,2017,Smith & Nephew PLC,Watford,GBR,35,174,United Kingdom,Europe
5180,2017,GSK plc,Brentford,GBR,35,155,United Kingdom,Europe
212782,2017,Fresenius Medical Care AG,Bad Homburg,DEU,35,119,Germany,Europe
238442,2017,"Carl Zeiss Meditec AG, Jena",Jena,DEU,35,108,Germany,Europe
278557,2017,Touchstone Innovations Plc,London,GBR,40,18,United Kingdom,Europe
15671,2017,Skandinaviska Enskilda Banken Ab,Stockholm,SWE,40,8,Sweden,Europe
105547,2017,Barclays Bank PLC,London,GBR,40,6,United Kingdom,Europe
15549,2017,UniCredit SpA,Milan,ITA,40,4,Italy,Europe
223522,2017,Chesterton Inernational PLC,London,GBR,40,3,United Kingdom,Europe
15509,2017,HSBC Holdings PLC,London,GBR,40,2,United Kingdom,Europe
21408,2017,Groupe Bruxelles Lambert SA,Brussels,BEL,40,2,Belgium,Europe
206652,2017,OTP Bank PLC,Budapest,HUN,40,2,Hungary,Europe
3221,2017,Aon plc,Dublin,IRL,40,1,Ireland,Europe
15575,2017,Commerzbank AG,Frankfurt am Main,DEU,40,1,Germany,Europe
4439,2017,Telefonaktiebolaget LM Ericsson (publ),Stockholm,SWE,45,1604,Sweden,Europe
132740,2017,Infineon Technologies AG,Neubiberg,DEU,45,1183,Germany,Europe
23671,2017,Nokia OYJ,Espoo,FIN,45,1002,Finland,Europe
184725,2017,NXP Semiconductors NV,Eindhoven,NLD,45,899,Netherlands,Europe
31142,2017,STMicroelectronics NV,Schiphol,NLD,45,743,Netherlands,Europe
103487,2017,SAP SE,Walldorf,DEU,45,552,Germany,Europe
101352,2017,Alcatel-Lucent,Boulogne-Billancourt,FRA,45,347,France,Europe
177267,2017,TE Connectivity plc,Ballybrit,IRL,45,323,Ireland,Europe
61214,2017,ASML Holding NV,Veldhoven,NLD,45,263,Netherlands,Europe
125863,2017,Vantiva SA,Paris,FRA,45,244,France,Europe
220940,2017,Orange SA,Issy-les-Moulineaux,FRA,50,115,France,Europe
14605,2017,WPP PLC,London,GBR,50,85,United Kingdom,Europe
2411,2017,BT Group PLC,London,GBR,50,71,United Kingdom,Europe
33175,2017,Spotify Technology SA,Luxembourg City,LUX,50,40,Luxembourg,Europe
14894,2017,Vodafone Group Public Limited Company,Newbury,GBR,50,35,United Kingdom,Europe
19151,2017,Telecom Italia SPA,Rome,ITA,50,31,Italy,Europe
221616,2017,Deutsche Telekom AG,Bonn,DEU,50,30,Germany,Europe
61440,2017,Koninklijke Kpn NV,Rotterdam,NLD,50,23,Netherlands,Europe
13683,2017,Telefonica SA,Madrid,ESP,50,19,Spain,Europe
114927,2017,"Swisscom AG, Ittigen",Bern,CHE,50,16,Switzerland,Europe
238616,2017,Veolia Environnement SA,Paris,FRA,55,16,France,Europe
220920,2017,EDF,Paris,FRA,55,14,France,Europe
213423,2017,Centrica PLC,Windsor,GBR,55,12,United Kingdom,Europe
220942,2017,Engie SA,Courbevoie,FRA,55,7,France,Europe
289259,2017,Vigie SA,Paris,FRA,55,5,France,Europe
100478,2017,"Sta Elettrica Sopracenerina (Ses), Locarno",Locarno,CHE,55,4,Switzerland,Europe
100590,2017,E.ON SE,Essen,DEU,55,4,Germany,Europe
103489,2017,Degremont SA,Paris,FRA,55,4,France,Europe
201794,2017,Enel SpA,Rome,ITA,55,3,Italy,Europe
204671,2017,CEZ a s,Prague,CZE,55,2,Czechia,Europe
210446,2017,MRM Sa,Paris,FRA,60,1,France,Europe
279579,2017,Park Inc,Sofia,BGR,60,1,Bulgaria,Europe
211865,2017,Suunto Oy,Vantaa,FIN,NA,6,Finland,Europe
4099,2017,Dunlop Holdings PLC,LONDON,GBR,NA,2,United Kingdom,Europe
221591,2017,Louis Poulsen & Co A/S,Copenhagen,DNK,NA,2,Denmark,Europe
3530,2017,Cornelius Co,Redon,FRA,NA,1,France,Europe
202242,2017,A. Friedr. Flender GmbH,Bocholt,DEU,NA,1,Germany,Europe
204327,2017,Atkins Group PLC,Cambridge,GBR,NA,1,United Kingdom,Europe
210525,2017,Virax SA,Epernay,FRA,NA,1,France,Europe
318761,2017,EuroChem Group AG,Zug,CHE,NA,1,Switzerland,Europe
346469,2017,Medesis Pharma SA,Montpellier,FRA,NA,1,France,Europe
5439,2017,Halliburton Co,Houston,USA,10,805,United States,North America
9465,2017,Schlumberger Ltd,Houston,USA,10,665,United States,North America
1976,2017,Baker Hughes Inc,Houston,USA,10,499,United States,North America
4503,2017,Exxon Mobil Corp,Spring,USA,10,363,United States,North America
2991,2017,Chevron Corp,San Ramon,USA,10,174,United States,North America
9653,2017,Shell Oil Co,Houston,USA,10,115,United States,North America
4367,2017,Weatherford International plc,Houston,USA,10,110,United States,North America
63892,2017,NOV Inc,Houston,USA,10,84,United States,North America
30923,2017,TechnipFMC plc,Houston,USA,10,60,United States,North America
33326,2017,ChampionX Corp,The Woodlands,USA,10,56,United States,North America
35168,2017,Corteva Inc,Indianapolis,USA,15,519,United States,North America
34443,2017,Dow Inc,Midland,USA,15,453,United States,North America
4213,2017,Ecolab Inc.,Saint Paul,USA,15,167,United States,North America
4087,2017,E. I. du Pont de Nemours and Co,Indianapolis,USA,15,166,United States,North America
4060,2017,DuPont  De Nemours Inc,Wilmington,USA,15,116,United States,North America
1913,2017,Avery Dennison Corp,Mentor,USA,15,99,United States,North America
5134,2017,Georgia-Pacific Corp,Atlanta,USA,15,85,United States,North America
148210,2017,Chevron Phillips Chemical Co LLC,The Woodlands,USA,15,84,United States,North America
8247,2017,PPG Industries Inc.,Pittsburgh,USA,15,82,United States,North America
20194,2017,Hauser Inc,Long Beach,USA,15,77,United States,North America
5047,2017,GE Aerospace,Evendale,USA,20,2163,United States,North America
10983,2017,RTX Corp,Arlington,USA,20,1322,United States,North America
2285,2017,Boeing Co,Arlington,USA,20,1317,United States,North America
1300,2017,Honeywell International Inc,Charlotte,USA,20,1038,United States,North America
7435,2017,3M Co,Saint Paul,USA,20,751,United States,North America
2817,2017,Caterpillar Inc,Irving,USA,20,654,United States,North America
3835,2017,DEERE & COMPANY,Moline,USA,20,344,United States,North America
5878,2017,Illinois Tool Works Inc.,Glenview,USA,20,301,United States,North America
10163,2017,Sundstrand Corp,Rockford,USA,20,258,United States,North America
6774,2017,Lockheed Martin Corp,Bethesda,USA,20,249,United States,North America
64768,2017,Amazon.com Inc,Seattle,USA,25,2102,United States,North America
4839,2017,Ford Motor Co,Dearborn,USA,25,2027,United States,North America
5073,2017,General Motors Co,Detroit,USA,25,1291,United States,North America
7906,2017,NIKE Inc,Beaverton,USA,25,1259,United States,North America
11465,2017,Whirlpool Corp,Benton Harbor,USA,25,355,United States,North America
114524,2017,eBay Inc.,San Jose,USA,25,220,United States,North America
5234,2017,Goodyear Tire & Rubber Co,Akron,USA,25,210,United States,North America
10991,2017,Light & Wonder Inc,Las Vegas,USA,25,204,United States,North America
6946,2017,Magna International Inc,Aurora,CAN,25,195,Canada,North America
28742,2017,BorgWarner Inc,Auburn Hills,USA,25,191,United States,North America
8762,2017,Procter & Gamble Co (The),Cincinnati,USA,30,673,United States,North America
3170,2017,Colgate-Palmolive Co,New York,USA,30,176,United States,North America
6435,2017,Kimberly-Clark Corp,Dallas,USA,30,104,United States,North America
11670,2017,Spectrum Brands Holdings Inc,Middleton,USA,30,100,United States,North America
11259,2017,Walmart Inc,Bentonville,USA,30,93,United States,North America
8479,2017,PepsiCo Inc,Purchase,USA,30,92,United States,North America
3813,2017,Target Corp,Minneapolis,USA,30,80,United States,North America
8543,2017,Altria Group Inc,Richmond,USA,30,79,United States,North America
41897,2017,Kenvue Inc,Skillman,USA,30,60,United States,North America
179621,2017,Philip Morris International Inc,Stamford,USA,30,49,United States,North America
7228,2017,Medtronic PLC,Galway,USA,35,1378,United States,North America
6266,2017,Johnson & Johnson,New Brunswick,USA,35,1118,United States,North America
25279,2017,Boston Scientific Corp,Marlborough,USA,35,697,United States,North America
1078,2017,Abbott Laboratories,North Chicago,USA,35,690,United States,North America
7257,2017,Merck & Co Inc,Rahway,USA,35,448,United States,North America
2111,2017,Becton Dickinson and Co,Franklin Lakes,USA,35,434,United States,North America
10115,2017,Stryker Corp,Portage,USA,35,409,United States,North America
16101,2017,AbbVie Inc,North Chicago,USA,35,310,United States,North America
144559,2017,Zimmer Biomet Holdings Inc,Warsaw,USA,35,284,United States,North America
2403,2017,Bristol-Myers Squibb Co,Princeton,USA,35,246,United States,North America
7647,2017,Bank of America Corp,Charlotte,USA,40,290,United States,North America
2176,2017,Berkshire Hathaway Inc,Omaha,USA,40,207,United States,North America
24616,2017,PayPal Holdings Inc,San Jose,USA,40,206,United States,North America
179534,2017,Visa Inc,San Francisco,USA,40,141,United States,North America
160225,2017,Mastercard Inc,Purchase,USA,40,118,United States,North America
26367,2017,Block Inc,Oakland,USA,40,105,United States,North America
122554,2017,United Services Auto Assn,San Antonio,USA,40,90,United States,North America
122594,2017,State Farm Insurance,Bloomington,USA,40,89,United States,North America
2968,2017,JPMorgan Chase & Co,New York,USA,40,77,United States,North America
1447,2017,American Express Co,New York,USA,40,71,United States,North America
6066,2017,International Business Machines Corp,Armonk,USA,45,9260,United States,North America
6008,2017,Intel Corp,Santa Clara,USA,45,3753,United States,North America
12141,2017,Microsoft Corp,Redmond,USA,45,3078,United States,North America
24800,2017,QUALCOMM Inc.,San Diego,USA,45,2711,United States,North America
1690,2017,Apple Inc,Cupertino,USA,45,2592,United States,North America
14489,2017,Dell Technologies Inc,Round Rock,USA,45,1379,United States,North America
20779,2017,Cisco Systems Inc,San Jose,USA,45,1164,United States,North America
39822,2017,GLOBALFOUNDRIES Inc,Malta,USA,45,951,United States,North America
10499,2017,Texas Instruments Inc,Dallas,USA,45,946,United States,North America
11399,2017,Western Digital Corp,San Jose,USA,45,871,United States,North America
160329,2017,Alphabet Inc,Mountain View,USA,50,3343,United States,North America
9899,2017,AT&T Inc,Dallas,USA,50,1189,United States,North America
170617,2017,Meta Platforms Inc,Menlo Park,USA,50,757,United States,North America
2136,2017,Verizon Communications Inc,New York,USA,50,555,United States,North America
3980,2017,Walt Disney Co (The),Burbank,USA,50,284,United States,North America
17874,2017,T-Mobile US Inc,Bellevue,USA,50,277,United States,North America
179202,2017,EchoStar Corp,Englewood,USA,50,257,United States,North America
3226,2017,Comcast Corp,Philadelphia,USA,50,229,United States,North America
147204,2017,Cogent Communications Holdings Inc,Washington,USA,50,221,United States,North America
2884,2017,Lumen Technologies Inc,Monroe,USA,50,181,United States,North America
135990,2017,NRG Energy Inc,Houston,USA,55,65,United States,North America
4029,2017,Dominion Energy Inc,Richmond,USA,55,12,United States,North America
5808,2017,Hydro Quebec,Montreal,CAN,55,11,Canada,North America
160913,2017,Ormat Technologies Inc,Reno,USA,55,11,United States,North America
66624,2017,Tucson Electric Power Co,Tucson,USA,55,7,United States,North America
4093,2017,Duke Energy Corp,Charlotte,USA,55,5,United States,North America
24216,2017,AES Corp (The),Arlington,USA,55,5,United States,North America
65090,2017,San Diego Gas & Electric Co,San Diego,USA,55,5,United States,North America
179437,2017,American Water Works Company Inc,Camden,USA,55,4,United States,North America
9850,2017,Southern Co (The),Atlanta,USA,55,3,United States,North America
11456,2017,Weyerhaeuser Co,Seattle,USA,60,9,United States,North America
112111,2017,CoStar Group Inc,Washington,USA,60,6,United States,North America
138743,2017,Equinix Inc,Redwood City,USA,60,6,United States,North America
32102,2017,Redfin Corp,Seattle,USA,60,5,United States,North America
187039,2017,Zillow Group Inc,Seattle,USA,60,3,United States,North America
7402,2017,Miller Industries Inc,Miami,USA,60,1,United States,North America
6491,2017,Kohler Co,Kohler,USA,NA,173,United States,North America
10811,2017,UOP Inc,Des Plaines,USA,NA,124,United States,North America
2789,2017,Carrier Corp,Palm Beach Gardens,USA,NA,99,United States,North America
7224,2017,Medline Industries Inc,Northfield,USA,NA,92,United States,North America
8198,2017,Otis Elevator Co,Farmington,USA,NA,75,United States,North America
5367,2017,Guardian Industries,Auburn Hills,USA,NA,56,United States,North America
8124,2017,Olinkraft Inc,Atlanta,USA,NA,52,United States,North America
9239,2017,Rosemount Inc,Chanhassen,USA,NA,32,United States,North America
23091,2017,Federal-Mogul Motorparts Corp,Southfield,USA,NA,28,United States,North America
9737,2017,Simmons Co,Atlanta,USA,NA,21,United States,North America
213479,2017,TotalEnergies Marketing Kenya PLC,Nairobi,KEN,10,27,Kenya,Other
222111,2017,Petroleo Brasileiro S.A.- Petrobras,Rio De Janeiro,BRA,10,2,Brazil,Other
28520,2017,Ypf Sociedad Anonima Yacimientos Petroliferos Fiscales,Buenos Aires,ARG,10,1,Argentina,Other
200499,2017,Vallourec & Mannesmann Tubes,Belo Horizonte,BRA,15,15,Brazil,Other
100465,2017,Sasol Ltd,Johannesburg,ZAF,15,13,South Africa,Other
209382,2017,Vale SA,Rio De Janeiro,BRA,15,13,Brazil,Other
204440,2017,Makhteshim Agan Industries Ltd,Jingzhou,ISR,15,12,Israel,Other
220211,2017,ICL GROUP LTD,Tel Aviv,ISR,15,5,Israel,Other
200512,2017,Suzano SA,Salvador,BRA,15,1,Brazil,Other
200976,2017,Braskem SA,Sao Paulo,BRA,15,1,Brazil,Other
213311,2017,Evora SA,Porto Alegre,BRA,15,1,Brazil,Other
224900,2017,Palram Industries (1990) Ltd,Zevulun,ISR,15,1,Israel,Other
65380,2017,Elbit Systems Ltd,Haifa,ISR,20,22,Israel,Other
289223,2017,Alaris Holdings Ltd,Centurion,ZAF,20,15,South Africa,Other
213288,2017,Embraer SA,Sao Paulo,BRA,20,11,Brazil,Other
222123,2017,Odebrecht SA,Salvador,BRA,20,7,Brazil,Other
346647,2017,Phinergy Ltd,Lod,ISR,20,6,Israel,Other
23243,2017,Kornit Digital Ltd,Rosh Haayin,ISR,20,5,Israel,Other
282767,2017,Sigdo Koppers S.A.,Las Condes,CHL,20,3,Chile,Other
345714,2017,Aquarius Engines (AM) Ltd,Yakum,ISR,20,3,Israel,Other
244662,2017,C Mer Industries Ltd,Or Yehuda,ISR,20,2,Israel,Other
349714,2017,Scodix Ltd,Rosh HaAyin,ISR,20,2,Israel,Other
205128,2017,Mahle-Metal Leve Sa,Mogi Guacu,BRA,25,24,Brazil,Other
206059,2017,Naspers Ltd,Cape Town,ZAF,25,13,South Africa,Other
224604,2017,Delta Galil Industries Ltd,Caesarea,ISR,25,4,Israel,Other
275668,2017,Maytronics Ltd,Jezreel Valley,ISR,25,4,Israel,Other
297402,2017,Tadiran Group Ltd,Petah Tikva,ISR,25,4,Israel,Other
271218,2017,Grendene SA,Sobral,BRA,25,3,Brazil,Other
212314,2017,Electrolux Do Brasil SA,Curitiba,BRA,25,2,Brazil,Other
41640,2017,Mobileye Global Inc,Jerusalem,ISR,25,1,Israel,Other
164276,2017,Leatt Corp,Durbanville,ZAF,25,1,South Africa,Other
220484,2017,Alpargatas SA,Sao Paulo,BRA,25,1,Brazil,Other
270509,2017,Natura &Co Holding SA,Sao Paulo,BRA,30,26,Brazil,Other
224877,2017,Albad Massuot Yitzhak Ltd,Nir Yitzhak,ISR,30,4,Israel,Other
313254,2017,Hortifrut S.A.,Santiago,CHL,30,2,Chile,Other
23290,2017,Strauss Group Ltd,Petah Tikva,ISR,30,1,Israel,Other
101112,2017,Tongaat- Hulett Ltd,Tongaat,ZAF,30,1,South Africa,Other
14538,2017,Teva Pharmaceutical Industries Ltd,Tel Aviv,ISR,35,69,Israel,Other
286396,2017,Evogene Ltd,Rehovot,ISR,35,11,Israel,Other
175518,2017,Rosetta Genomics Ltd,Rehovot,ISR,35,10,Israel,Other
152008,2017,Pluri Inc,Haifa,ISR,35,5,Israel,Other
240221,2017,APS Technologies Ltd,Heteren,ZAF,35,5,South Africa,Other
160902,2017,Syneron Medical Ltd,Yokneam Illit,ISR,35,4,Israel,Other
290977,2017,Brainsway Ltd,Jerusalem,ISR,35,4,Israel,Other
294007,2017,Intec Pharma Ltd,Jerusalem,ISR,35,4,Israel,Other
296885,2017,Redhill Biopharma Ltd,Tel Aviv,ISR,35,4,Israel,Other
17071,2017,Alcobra Ltd,Tel Aviv,ISR,35,3,Israel,Other
209957,2017,Boe Ltd,Cape Town,ZAF,40,90,South Africa,Other
279157,2017,Ecobank Transnational Inc,Lome,TGO,40,9,Togo,Other
321213,2017,United Investment Ltd,Port Louis,MUS,40,2,Mauritius,Other
240228,2017,Discovery Ltd,Johannesburg,ZAF,40,1,South Africa,Other
292249,2017,Cielo SA,Barueri,BRA,40,1,Brazil,Other
313992,2017,CIM Financial Services Ltd,Port Louis,MUS,40,1,Mauritius,Other
61902,2017,NICE Ltd,Ra'anana,ISR,45,37,Israel,Other
23119,2017,SolarEdge Technologies Inc,Herzliya,ISR,45,22,Israel,Other
21002,2017,CyberArk Software Ltd,Petah Tikva,ISR,45,16,Israel,Other
125074,2017,Radware Ltd,Tel Aviv,ISR,45,12,Israel,Other
31255,2017,Tower Semiconductor Ltd,Migdal Haemek,ISR,45,10,Israel,Other
28236,2017,Gilat Satellite Networks Ltd,Petah Tikva,ISR,45,9,Israel,Other
63185,2017,Check Point Software Technologies Ltd,Tel Aviv,ISR,45,9,Israel,Other
39786,2017,Valens Semiconductor Ltd,Hod Hasharon,ISR,45,8,Israel,Other
133564,2017,Camtek Ltd,Migdal Haemek,ISR,45,8,Israel,Other
138501,2017,Ceragon Networks Ltd,Rosh Haayin,ISR,45,6,Israel,Other
317637,2017,Nexxen International Ltd,Tel Aviv-Yafo,ISR,50,2,Israel,Other
37752,2017,Playtika Holding Corp,Herzliya Pituach,ISR,50,1,Israel,Other
203607,2017,Light Servicos De Eletricidade SA,Rio de Janeiro,BRA,55,1,Brazil,Other
243145,2017,G City Ltd,Tel Aviv,ISR,60,1,Israel,Other
317586,2017,OCP S.A.,Casablanca,MAR,NA,2,Morocco,Other
334426,2018,Saudi Arabian Oil Company,Dhahran,SAU,10,381,Saudi Arabia,Asia Pacific
279449,2018,Idemitsu Kosan Co Ltd,Tokyo,JPN,10,103,Japan,Asia Pacific
285205,2018,SK Innovation Co Ltd,Seoul,KOR,10,60,South Korea,Asia Pacific
207074,2018,Reliance Industries Ltd,Mumbai,IND,10,43,India,Asia Pacific
140756,2018,CHINA PETROLEUM & CHEMICAL CORPORATION,Beijing,CHN,10,36,China,Asia Pacific
100158,2018,ENEOS Holdings Inc,Tokyo,JPN,10,33,Japan,Asia Pacific
212777,2018,Indian Oil Corp Ltd,New Delhi,IND,10,25,India,Asia Pacific
203741,2018,SK Discovery Co Ltd,Seongnam-si,KOR,10,17,South Korea,Asia Pacific
102257,2018,Cosmo Energy Holdings Co Ltd,Tokyo,JPN,10,14,Japan,Asia Pacific
133870,2018,PetroChina Company Limited,Beijing,CHN,10,9,China,Asia Pacific
245036,2018,Lg Chem Ltd,Seoul,KOR,15,635,South Korea,Asia Pacific
100697,2018,Shin-Etsu Chemical Co Ltd,Tokyo,JPN,15,253,Japan,Asia Pacific
100155,2018,Nippon Steel Corp,Tokyo,JPN,15,220,Japan,Asia Pacific
100689,2018,Sumitomo Chemical Co Ltd,Tokyo,JPN,15,212,Japan,Asia Pacific
100724,2018,Toray Industries Inc,Tokyo,JPN,15,191,Japan,Asia Pacific
100258,2018,Asahi Kasei Corp,Tokyo,JPN,15,167,Japan,Asia Pacific
100683,2018,Nitto Denko Corp,Osaka,JPN,15,165,Japan,Asia Pacific
248963,2018,Saudi Basic Industries Corp,Riyadh,SAU,15,153,Saudi Arabia,Asia Pacific
253738,2018,Jfe Holdings Inc,Tokyo,JPN,15,142,Japan,Asia Pacific
100393,2018,Hitachi Metals Ltd,Tokyo,JPN,15,138,Japan,Asia Pacific
10622,2018,Toshiba Corp,Tokyo,JPN,20,2182,Japan,Asia Pacific
19043,2018,Mitsubishi Electric Corp,Tokyo,JPN,20,1280,Japan,Asia Pacific
5650,2018,Hitachi Ltd,Tokyo,JPN,20,831,Japan,Asia Pacific
100012,2018,Mitsubishi Heavy Industries Ltd,Tokyo,JPN,20,451,Japan,Asia Pacific
100048,2018,Fanuc Corp,Yamanashi,JPN,20,402,Japan,Asia Pacific
101851,2018,Fuji Electric Co Ltd,Tokyo,JPN,20,339,Japan,Asia Pacific
102773,2018,Nichias Corp,Tokyo,JPN,20,223,Japan,Asia Pacific
221821,2018,Nidec Corporation,Kyoto,JPN,20,186,Japan,Asia Pacific
101138,2018,Daikin Industries Ltd,Osaka,JPN,20,175,Japan,Asia Pacific
100288,2018,Kawasaki Heavy Industries Ltd,Tokyo,JPN,20,173,Japan,Asia Pacific
251303,2018,Lg Electronics Inc,Seoul,KOR,25,3239,South Korea,Asia Pacific
19661,2018,Toyota Motor Corp,Toyota,JPN,25,2410,Japan,Asia Pacific
9818,2018,Sony Group Corporation,Tokyo,JPN,25,2260,Japan,Asia Pacific
7114,2018,Panasonic Holdings Corporation,Kadoma,JPN,25,1875,Japan,Asia Pacific
104607,2018,Hyundai Motor Co,Seoul,KOR,25,1508,South Korea,Asia Pacific
19112,2018,Denso Corp,Kariya,JPN,25,1102,Japan,Asia Pacific
5691,2018,Honda Motor Co Ltd,Tokyo,JPN,25,1060,Japan,Asia Pacific
100699,2018,Sharp Corp,Sakai,JPN,25,737,Japan,Asia Pacific
19413,2018,Sumitomo Electric Industries Ltd,Osaka,JPN,25,549,Japan,Asia Pacific
19113,2018,Nissan Motor Co Ltd,Yokohama,JPN,25,502,Japan,Asia Pacific
21896,2018,Kimree Inc,Huizhou,CHN,30,76,China,Asia Pacific
104854,2018,Unicharm Corporation,Tokyo,JPN,30,76,Japan,Asia Pacific
18715,2018,Kao Corp,Tokyo,JPN,30,74,Japan,Asia Pacific
286420,2018,CJ CheilJedang Corp,Seoul,KOR,30,65,South Korea,Asia Pacific
278216,2018,Amorepacific Corp,Seoul,KOR,30,38,South Korea,Asia Pacific
223528,2018,Japan Tobacco Inc,Tokyo,JPN,30,32,Japan,Asia Pacific
100253,2018,Ajinomoto Co Inc,Tokyo,JPN,30,27,Japan,Asia Pacific
313859,2018,Korea Kolmar Co Ltd,Sejong City,KOR,30,27,South Korea,Asia Pacific
338946,2018,Smoore International Holdings Ltd,Shenzhen,CHN,30,23,China,Asia Pacific
19344,2018,Shiseido Co Ltd,Tokyo,JPN,30,20,Japan,Asia Pacific
100686,2018,Olympus Corp,Tokyo,JPN,35,693,Japan,Asia Pacific
102146,2018,Terumo Corp,Tokyo,JPN,35,160,Japan,Asia Pacific
100718,2018,Takeda Pharmaceutical Co Ltd,Tokyo,JPN,35,107,Japan,Asia Pacific
212635,2018,Cochlear Ltd,Sydney,AUS,35,85,Australia,Asia Pacific
101256,2018,Fisher & Paykel Healthcare Corp Ltd,Auckland,NZL,35,79,New Zealand,Asia Pacific
350287,2018,PHC Holdings Corporation,Tokyo,JPN,35,78,Japan,Asia Pacific
100433,2018,Hoya Corp,Tokyo,JPN,35,69,Japan,Asia Pacific
212712,2018,Sysmex Corp,Kobe,JPN,35,56,Japan,Asia Pacific
296288,2018,Otsuka Holdings Co Ltd,Tokyo,JPN,35,52,Japan,Asia Pacific
100336,2018,Daiichi Sankyo Company Ltd,Tokyo,JPN,35,44,Japan,Asia Pacific
242218,2018,SBI Holdings Inc,Tokyo,JPN,40,6,Japan,Asia Pacific
223068,2018,Piramal Enterprises Limited,Mumbai,IND,40,4,India,Asia Pacific
316556,2018,Jindal Poly Investment and Finance Co Ltd,New Delhi,IND,40,4,India,Asia Pacific
15668,2018,Orix Corp,Tokyo,JPN,40,3,Japan,Asia Pacific
210285,2018,Astra Capital Ltd,West Perth,AUS,40,3,Australia,Asia Pacific
25257,2018,Korea Development Bank,Seoul,KOR,40,2,South Korea,Asia Pacific
160709,2018,Ping An Insurance Group Co of China Ltd,Shenzhen,CHN,40,2,China,Asia Pacific
271852,2018,Danal Co Ltd,Seongnam-si,KOR,40,2,South Korea,Asia Pacific
272204,2018,NICE Holdings Co Ltd,Seoul,KOR,40,2,South Korea,Asia Pacific
274364,2018,China Construction Bank Corp,Beijing,CHN,40,2,China,Asia Pacific
104604,2018,Samsung Electronics Co Ltd,Suwon,KOR,45,8786,South Korea,Asia Pacific
2721,2018,Canon Inc,Tokyo,JPN,45,3333,Japan,Asia Pacific
201395,2018,Taiwan Semiconductor Manufacturing Co Ltd,Hsinchu City,TWN,45,2482,Taiwan,Asia Pacific
242058,2018,Boe Technology Group Co Ltd,Beijing,CHN,45,1646,China,Asia Pacific
257018,2018,Seiko Epson Corp,Suwa,JPN,45,1322,Japan,Asia Pacific
18467,2018,Fujitsu Ltd,Tokyo,JPN,45,1286,Japan,Asia Pacific
9135,2018,Ricoh Co Ltd,Tokyo,JPN,45,1091,Japan,Asia Pacific
6512,2018,Kyocera Corp,Kyoto,JPN,45,1047,Japan,Asia Pacific
100226,2018,Murata Manufacturing Co Ltd,Nagaokakyo,JPN,45,830,Japan,Asia Pacific
7652,2018,Nec Corp,Tokyo,JPN,45,806,Japan,Asia Pacific
270615,2018,Tencent Holdings LTD,Shenzhen,CHN,50,331,China,Asia Pacific
7908,2018,Nippon Telegraph and Telephone Corporation,Tokyo,JPN,50,261,Japan,Asia Pacific
102450,2018,Nintendo Co Ltd,Kyoto,JPN,50,134,Japan,Asia Pacific
133104,2018,KT Corporation,Seongnam-si,KOR,50,118,South Korea,Asia Pacific
203480,2018,SK Telecom Co Ltd,Seoul,KOR,50,106,South Korea,Asia Pacific
164532,2018,Baidu Inc,Beijing,CHN,50,102,China,Asia Pacific
200595,2018,Konami Group Corporation,Tokyo,JPN,50,46,Japan,Asia Pacific
255244,2018,NAVER Corp,Seongnam-si,KOR,50,41,South Korea,Asia Pacific
221489,2018,Square Enix Hldgs Co Ltd,Tokyo,JPN,50,38,Japan,Asia Pacific
290702,2018,GREE Holdings Inc,Tokyo,JPN,50,35,Japan,Asia Pacific
30874,2018,Korea Electric Power Corp,Naju-Si,KOR,55,22,South Korea,Asia Pacific
293536,2018,China Longyuan Power Group Corp Ltd,Beijing,CHN,55,8,China,Asia Pacific
100439,2018,Chugoku Electric Power Co Inc,Hiroshima,JPN,55,6,Japan,Asia Pacific
100846,2018,Osaka Gas Co Ltd,Osaka,JPN,55,6,Japan,Asia Pacific
100302,2018,Kansai Electric Power Co Inc,Osaka,JPN,55,4,Japan,Asia Pacific
206011,2018,Vivant Corp,Mandaue City,PHL,55,3,Philippines,Asia Pacific
239856,2018,Korea Gas Corp,Daegu,KOR,55,3,South Korea,Asia Pacific
100488,2018,Kyushu Electric Power Co Inc,Fukuoka City,JPN,55,2,Japan,Asia Pacific
30747,2018,Huaneng Power International Inc,Beijing,CHN,55,1,China,Asia Pacific
100688,2018,Tokyo Electric Power Co Holdings Inc,Chiyoda,JPN,55,1,Japan,Asia Pacific
200477,2018,Peking University Resources (Holdings) Co Ltd,Causeway Bay,HKG,60,9,"Hong Kong, SAR China",Asia Pacific
100436,2018,Daikyo Inc,Tokyo,JPN,60,5,Japan,Asia Pacific
203386,2018,Cytori Cell Research Institute Inc,Tokyo,JPN,60,2,Japan,Asia Pacific
242644,2018,Sunland Group Ltd Sdg,Surfers Paradise,AUS,60,2,Australia,Asia Pacific
259184,2018,SC Asset Corp Public Co Ltd,Bangkok,THA,60,2,Thailand,Asia Pacific
17830,2018,Daiwa House Industry Co Ltd,Osaka,JPN,60,1,Japan,Asia Pacific
100522,2018,Mitsui Fudosan Co Ltd,Tokyo,JPN,60,1,Japan,Asia Pacific
203939,2018,Wyncoast Industrial Park Public Co Ltd,Bang Pakong,THA,60,1,Thailand,Asia Pacific
260419,2018,Tosei Corp,Tokyo,JPN,60,1,Japan,Asia Pacific
282105,2018,Embassy Developments Limited,Mumbai,IND,60,1,India,Asia Pacific
321386,2018,Suntory Holdings Ltd,Tokyo,JPN,NA,39,Japan,Asia Pacific
202875,2018,KDK Corp,Kyoto,JPN,NA,19,Japan,Asia Pacific
332577,2018,Supernet Technologies Ltd,Karachi,PAK,NA,8,Pakistan,Asia Pacific
343791,2018,ThroughTek Co Ltd,Taipei,TWN,NA,6,Taiwan,Asia Pacific
343415,2018,Sync Power Corp,Taipei,TWN,NA,3,Taiwan,Asia Pacific
206098,2018,Wako Electric Co Ltd,Tsukubamirai,JPN,NA,1,Japan,Asia Pacific
24625,2018,TotalEnergies SE,Courbevoie,FRA,10,179,France,Europe
102983,2018,Viridien Societe anonyme,Massy,FRA,10,60,France,Europe
216613,2018,TGS ASA,Oslo,NOR,10,57,Norway,Europe
61616,2018,Eni SpA,Rome,ITA,10,38,Italy,Europe
220546,2018,Equinor ASA,Stavanger,NOR,10,26,Norway,Europe
270267,2018,Akastor ASA,Baerum,NOR,10,20,Norway,Europe
2410,2018,BP plc,London,GBR,10,14,United Kingdom,Europe
100778,2018,SBM Offshore NV,Schiphol,NLD,10,12,Netherlands,Europe
272746,2018,Neste OYJ,Espoo,FIN,10,12,Finland,Europe
12384,2018,Shell Plc,London,GBR,10,11,United Kingdom,Europe
17436,2018,BASF SE,Ludwigshafen am Rhein,DEU,15,508,Germany,Europe
241216,2018,"Syngenta AG, Basel",Basel,CHE,15,217,Switzerland,Europe
295421,2018,Evonik Industries AG,Essen,DEU,15,187,Germany,Europe
102454,2018,DSM Firmenich AG,Kaiseraugst,CHE,15,154,Switzerland,Europe
277043,2018,Arkema,Colombes,FRA,15,149,France,Europe
241336,2018,Novonesis A/S,Bagsvaerd,DNK,15,119,Denmark,Europe
103176,2018,thyssenkrupp AG,Essen,DEU,15,109,Germany,Europe
101394,2018,"Solvay SA, Bruxelles",Brussels,BEL,15,104,Belgium,Europe
101202,2018,L'Air Liquide SA,Paris,FRA,15,103,France,Europe
25124,2018,Linde Plc,Woking,GBR,15,94,United Kingdom,Europe
19349,2018,Siemens AG,Munich,DEU,20,1022,Germany,Europe
220833,2018,Airbus SE,Leiden,NLD,20,589,Netherlands,Europe
4199,2018,Eaton Corporation plc,Dublin,IRL,20,447,Ireland,Europe
295786,2018,CNH Industrial N V,Basildon,GBR,20,414,United Kingdom,Europe
321698,2018,Signify NV,Eindhoven,NLD,20,408,Netherlands,Europe
100499,2018,Rolls Royce Holdings PLC,London,GBR,20,395,United Kingdom,Europe
210418,2018,ABB Ltd,Zurich,CHE,20,388,Switzerland,Europe
315541,2018,Osram Licht AG,Munich,DEU,20,242,Germany,Europe
101305,2018,Safran SA,Paris,FRA,20,233,France,Europe
101336,2018,Schneider Electric S E,Rueil-Malmaison,FRA,20,196,France,Europe
100609,2018,Continental AG,Hanover,DEU,25,450,Germany,Europe
100737,2018,Volkswagen AG,Wolfsburg,DEU,25,389,Germany,Europe
100022,2018,Bayerische Motoren Werke Aktiengesellschaft,Munich,DEU,25,287,Germany,Europe
102523,2018,Valeo SE,Paris,FRA,25,275,France,Europe
320124,2018,Schaeffler AG,Herzogenaurach,DEU,25,264,Germany,Europe
101277,2018,Compagnie Generale des Etablissements Michelin Societe en commandite par actions,Clermont-Ferrand,FRA,25,187,France,Europe
101347,2018,Swatch Group AG,Biel/Bienne,CHE,25,150,Switzerland,Europe
27333,2018,Adient plc,Dublin,IRL,25,142,Ireland,Europe
14620,2018,Electrolux AB,Stockholm,SWE,25,139,Sweden,Europe
101276,2018,Stellantis NV,Hoofddorp,NLD,25,139,Netherlands,Europe
100581,2018,LOreal SA,Clichy,FRA,30,180,France,Europe
101942,2018,Henkel AG & Co KGaA,Dusseldorf,DEU,30,175,Germany,Europe
16603,2018,"Nestle SA, Cham Und Vevey",Vevey,CHE,30,158,Switzerland,Europe
10846,2018,Unilever PLC,London,GBR,30,90,United Kingdom,Europe
324770,2018,Essity Aktiebolag,Stockholm,SWE,30,56,Sweden,Europe
1932,2018,British American Tobacco PLC,London,GBR,30,49,United Kingdom,Europe
100083,2018,Beiersdorf AG,Hamburg,DEU,30,28,Germany,Europe
212773,2018,Imperial Brands PLC,Bristol,GBR,30,27,United Kingdom,Europe
100775,2018,Koninklijke Numico NV,Hoofddorp,NLD,30,20,Netherlands,Europe
210918,2018,Vilmorin & Cie SA,Paris,FRA,30,20,France,Europe
8546,2018,Koninklijke Philips NV,Amsterdam,NLD,35,1082,Netherlands,Europe
100080,2018,Bayer AG,Leverkusen,DEU,35,737,Germany,Europe
25648,2018,Roche Holding AG,Basel,CHE,35,514,Switzerland,Europe
326765,2018,Siemens Healthineers AG,Forchheim,DEU,35,352,Germany,Europe
101310,2018,Novartis AG,Basel,CHE,35,243,Switzerland,Europe
101204,2018,Sanofi,Paris,FRA,35,237,France,Europe
101317,2018,Smith & Nephew PLC,Watford,GBR,35,181,United Kingdom,Europe
5180,2018,GSK plc,Brentford,GBR,35,124,United Kingdom,Europe
238442,2018,"Carl Zeiss Meditec AG, Jena",Jena,DEU,35,105,Germany,Europe
212782,2018,Fresenius Medical Care AG,Bad Homburg,DEU,35,91,Germany,Europe
278557,2018,Touchstone Innovations Plc,London,GBR,40,24,United Kingdom,Europe
15671,2018,Skandinaviska Enskilda Banken Ab,Stockholm,SWE,40,9,Sweden,Europe
3221,2018,Aon plc,Dublin,IRL,40,5,Ireland,Europe
294807,2018,Edenred SE,Issy-les-Moulineaux,FRA,40,4,France,Europe
15724,2018,Allianz SE,Munich,DEU,40,2,Germany,Europe
63546,2018,"Schweizerische Rueckversicherungs-Gesellschaft, Zuerich",Zurich,CHE,40,2,Switzerland,Europe
105547,2018,Barclays Bank PLC,London,GBR,40,2,United Kingdom,Europe
15784,2018,Societe Generale Group,Paris,FRA,40,1,France,Europe
15804,2018,Assicurazioni Generali SpA,Trieste,ITA,40,1,Italy,Europe
21408,2018,Groupe Bruxelles Lambert SA,Brussels,BEL,40,1,Belgium,Europe
4439,2018,Telefonaktiebolaget LM Ericsson (publ),Stockholm,SWE,45,1384,Sweden,Europe
132740,2018,Infineon Technologies AG,Neubiberg,DEU,45,993,Germany,Europe
23671,2018,Nokia OYJ,Espoo,FIN,45,747,Finland,Europe
31142,2018,STMicroelectronics NV,Schiphol,NLD,45,721,Netherlands,Europe
184725,2018,NXP Semiconductors NV,Eindhoven,NLD,45,704,Netherlands,Europe
103487,2018,SAP SE,Walldorf,DEU,45,488,Germany,Europe
177267,2018,TE Connectivity plc,Ballybrit,IRL,45,279,Ireland,Europe
61214,2018,ASML Holding NV,Veldhoven,NLD,45,239,Netherlands,Europe
43285,2018,Arm Holdings plc,Cambridge,GBR,45,217,United Kingdom,Europe
143357,2018,Accenture PLC,Dublin,IRL,45,207,Ireland,Europe
220940,2018,Orange SA,Issy-les-Moulineaux,FRA,50,100,France,Europe
14605,2018,WPP PLC,London,GBR,50,87,United Kingdom,Europe
2411,2018,BT Group PLC,London,GBR,50,58,United Kingdom,Europe
33175,2018,Spotify Technology SA,Luxembourg City,LUX,50,56,Luxembourg,Europe
221616,2018,Deutsche Telekom AG,Bonn,DEU,50,40,Germany,Europe
14894,2018,Vodafone Group Public Limited Company,Newbury,GBR,50,19,United Kingdom,Europe
61440,2018,Koninklijke Kpn NV,Rotterdam,NLD,50,18,Netherlands,Europe
19151,2018,Telecom Italia SPA,Rome,ITA,50,17,Italy,Europe
13683,2018,Telefonica SA,Madrid,ESP,50,10,Spain,Europe
114927,2018,"Swisscom AG, Ittigen",Bern,CHE,50,10,Switzerland,Europe
238616,2018,Veolia Environnement SA,Paris,FRA,55,21,France,Europe
220920,2018,EDF,Paris,FRA,55,20,France,Europe
220942,2018,Engie SA,Courbevoie,FRA,55,12,France,Europe
213423,2018,Centrica PLC,Windsor,GBR,55,11,United Kingdom,Europe
103489,2018,Degremont SA,Paris,FRA,55,6,France,Europe
100590,2018,E.ON SE,Essen,DEU,55,5,Germany,Europe
216667,2018,"ERG SPA, Milano",Genoa,ITA,55,3,Italy,Europe
232646,2018,Orsted A/S,Fredericia,DNK,55,3,Denmark,Europe
201794,2018,Enel SpA,Rome,ITA,55,2,Italy,Europe
204671,2018,CEZ a s,Prague,CZE,55,2,Czechia,Europe
279579,2018,Park Inc,Sofia,BGR,60,2,Bulgaria,Europe
241922,2018,Solon Eiendom ASA,Oslo,NOR,60,1,Norway,Europe
211865,2018,Suunto Oy,Vantaa,FIN,NA,8,Finland,Europe
202242,2018,A. Friedr. Flender GmbH,Bocholt,DEU,NA,6,Germany,Europe
337060,2018,Incanthera plc,Manchester,GBR,NA,2,United Kingdom,Europe
4099,2018,Dunlop Holdings PLC,LONDON,GBR,NA,1,United Kingdom,Europe
210944,2018,Tracker Network PLC,Uxbridge,GBR,NA,1,United Kingdom,Europe
221745,2018,Sediver SA,Nanterre,FRA,NA,1,France,Europe
351923,2018,LIBERTINE HOLDINGS PLC,Sheffield,GBR,NA,1,United Kingdom,Europe
5439,2018,Halliburton Co,Houston,USA,10,889,United States,North America
9465,2018,Schlumberger Ltd,Houston,USA,10,616,United States,North America
4503,2018,Exxon Mobil Corp,Spring,USA,10,379,United States,North America
1976,2018,Baker Hughes Inc,Houston,USA,10,160,United States,North America
4367,2018,Weatherford International plc,Houston,USA,10,136,United States,North America
2991,2018,Chevron Corp,San Ramon,USA,10,125,United States,North America
9653,2018,Shell Oil Co,Houston,USA,10,107,United States,North America
63892,2018,NOV Inc,Houston,USA,10,75,United States,North America
30923,2018,TechnipFMC plc,Houston,USA,10,51,United States,North America
33326,2018,ChampionX Corp,The Woodlands,USA,10,47,United States,North America
34443,2018,Dow Inc,Midland,USA,15,456,United States,North America
35168,2018,Corteva Inc,Indianapolis,USA,15,454,United States,North America
4213,2018,Ecolab Inc.,Saint Paul,USA,15,168,United States,North America
4087,2018,E. I. du Pont de Nemours and Co,Indianapolis,USA,15,126,United States,North America
4060,2018,DuPont  De Nemours Inc,Wilmington,USA,15,108,United States,North America
1913,2018,Avery Dennison Corp,Mentor,USA,15,82,United States,North America
8247,2018,PPG Industries Inc.,Pittsburgh,USA,15,71,United States,North America
29392,2018,Eastman Chemical Co,Kingsport,USA,15,71,United States,North America
20194,2018,Hauser Inc,Long Beach,USA,15,69,United States,North America
148210,2018,Chevron Phillips Chemical Co LLC,The Woodlands,USA,15,66,United States,North America
5047,2018,GE Aerospace,Evendale,USA,20,2433,United States,North America
10983,2018,RTX Corp,Arlington,USA,20,1895,United States,North America
2285,2018,Boeing Co,Arlington,USA,20,1356,United States,North America
1300,2018,Honeywell International Inc,Charlotte,USA,20,1020,United States,North America
7435,2018,3M Co,Saint Paul,USA,20,769,United States,North America
2817,2018,Caterpillar Inc,Irving,USA,20,517,United States,North America
3835,2018,DEERE & COMPANY,Moline,USA,20,303,United States,North America
10163,2018,Sundstrand Corp,Rockford,USA,20,292,United States,North America
5878,2018,Illinois Tool Works Inc.,Glenview,USA,20,278,United States,North America
6774,2018,Lockheed Martin Corp,Bethesda,USA,20,264,United States,North America
4839,2018,Ford Motor Co,Dearborn,USA,25,2318,United States,North America
64768,2018,Amazon.com Inc,Seattle,USA,25,2206,United States,North America
5073,2018,General Motors Co,Detroit,USA,25,1244,United States,North America
7906,2018,NIKE Inc,Beaverton,USA,25,883,United States,North America
11465,2018,Whirlpool Corp,Benton Harbor,USA,25,375,United States,North America
6946,2018,Magna International Inc,Aurora,CAN,25,246,Canada,North America
28742,2018,BorgWarner Inc,Auburn Hills,USA,25,240,United States,North America
114524,2018,eBay Inc.,San Jose,USA,25,223,United States,North America
33767,2018,Sonos Inc,Santa Barbara,USA,25,201,United States,North America
27575,2018,Acushnet Holdings Corp,Fairhaven,USA,25,192,United States,North America
8762,2018,Procter & Gamble Co (The),Cincinnati,USA,30,628,United States,North America
11259,2018,Walmart Inc,Bentonville,USA,30,204,United States,North America
3170,2018,Colgate-Palmolive Co,New York,USA,30,159,United States,North America
8543,2018,Altria Group Inc,Richmond,USA,30,144,United States,North America
6435,2018,Kimberly-Clark Corp,Dallas,USA,30,103,United States,North America
11670,2018,Spectrum Brands Holdings Inc,Middleton,USA,30,92,United States,North America
179621,2018,Philip Morris International Inc,Stamford,USA,30,79,United States,North America
3121,2018,Clorox Co (The),Oakland,USA,30,76,United States,North America
8479,2018,PepsiCo Inc,Purchase,USA,30,75,United States,North America
3813,2018,Target Corp,Minneapolis,USA,30,66,United States,North America
7228,2018,Medtronic PLC,Galway,USA,35,1234,United States,North America
6266,2018,Johnson & Johnson,New Brunswick,USA,35,1051,United States,North America
1078,2018,Abbott Laboratories,North Chicago,USA,35,584,United States,North America
25279,2018,Boston Scientific Corp,Marlborough,USA,35,559,United States,North America
2111,2018,Becton Dickinson and Co,Franklin Lakes,USA,35,429,United States,North America
7257,2018,Merck & Co Inc,Rahway,USA,35,398,United States,North America
10115,2018,Stryker Corp,Portage,USA,35,369,United States,North America
16101,2018,AbbVie Inc,North Chicago,USA,35,244,United States,North America
171002,2018,Globus Medical Inc,Audubon,USA,35,225,United States,North America
144559,2018,Zimmer Biomet Holdings Inc,Warsaw,USA,35,216,United States,North America
7647,2018,Bank of America Corp,Charlotte,USA,40,320,United States,North America
24616,2018,PayPal Holdings Inc,San Jose,USA,40,233,United States,North America
2176,2018,Berkshire Hathaway Inc,Omaha,USA,40,210,United States,North America
122594,2018,State Farm Insurance,Bloomington,USA,40,200,United States,North America
30990,2018,Capital One Financial Corp,McLean,USA,40,191,United States,North America
179534,2018,Visa Inc,San Francisco,USA,40,180,United States,North America
160225,2018,Mastercard Inc,Purchase,USA,40,155,United States,North America
122554,2018,United Services Auto Assn,San Antonio,USA,40,145,United States,North America
26367,2018,Block Inc,Oakland,USA,40,116,United States,North America
28349,2018,The Allstate Corporation,Northbrook,USA,40,95,United States,North America
6066,2018,International Business Machines Corp,Armonk,USA,45,9319,United States,North America
6008,2018,Intel Corp,Santa Clara,USA,45,3439,United States,North America
12141,2018,Microsoft Corp,Redmond,USA,45,2581,United States,North America
1690,2018,Apple Inc,Cupertino,USA,45,2486,United States,North America
24800,2018,QUALCOMM Inc.,San Diego,USA,45,2363,United States,North America
14489,2018,Dell Technologies Inc,Round Rock,USA,45,1564,United States,North America
20779,2018,Cisco Systems Inc,San Jose,USA,45,1036,United States,North America
7343,2018,Micron Technology Inc.,Boise,USA,45,942,United States,North America
5606,2018,HP Inc,Palo Alto,USA,45,848,United States,North America
10499,2018,Texas Instruments Inc,Dallas,USA,45,796,United States,North America
160329,2018,Alphabet Inc,Mountain View,USA,50,2834,United States,North America
9899,2018,AT&T Inc,Dallas,USA,50,1180,United States,North America
170617,2018,Meta Platforms Inc,Menlo Park,USA,50,829,United States,North America
2136,2018,Verizon Communications Inc,New York,USA,50,452,United States,North America
17874,2018,T-Mobile US Inc,Bellevue,USA,50,304,United States,North America
3980,2018,Walt Disney Co (The),Burbank,USA,50,266,United States,North America
3226,2018,Comcast Corp,Philadelphia,USA,50,234,United States,North America
147204,2018,Cogent Communications Holdings Inc,Washington,USA,50,227,United States,North America
179202,2018,EchoStar Corp,Englewood,USA,50,154,United States,North America
2884,2018,Lumen Technologies Inc,Monroe,USA,50,153,United States,North America
135990,2018,NRG Energy Inc,Houston,USA,55,89,United States,North America
5808,2018,Hydro Quebec,Montreal,CAN,55,11,Canada,North America
4029,2018,Dominion Energy Inc,Richmond,USA,55,9,United States,North America
65090,2018,San Diego Gas & Electric Co,San Diego,USA,55,6,United States,North America
4093,2018,Duke Energy Corp,Charlotte,USA,55,4,United States,North America
160913,2018,Ormat Technologies Inc,Reno,USA,55,4,United States,North America
4517,2018,NextEra Energy Inc,Juno Beach,USA,55,3,United States,North America
8099,2018,FirstEnergy Corp.,Akron,USA,55,3,United States,North America
24216,2018,AES Corp (The),Arlington,USA,55,3,United States,North America
8171,2018,Orange & Rockland Utilities,Spring Valley,USA,55,2,United States,North America
138743,2018,Equinix Inc,Redwood City,USA,60,19,United States,North America
112111,2018,CoStar Group Inc,Washington,USA,60,18,United States,North America
187039,2018,Zillow Group Inc,Seattle,USA,60,6,United States,North America
65108,2018,Jones Lang LaSalle Inc,Chicago,USA,60,3,United States,North America
32102,2018,Redfin Corp,Seattle,USA,60,2,United States,North America
62374,2018,Iron Mountain Inc,Portsmouth,USA,60,2,United States,North America
7402,2018,Miller Industries Inc,Miami,USA,60,1,United States,North America
11220,2018,Vornado Realty Trust,New York,USA,60,1,United States,North America
24731,2018,Kimco Realty Corp,Jericho,USA,60,1,United States,North America
6491,2018,Kohler Co,Kohler,USA,NA,194,United States,North America
8198,2018,Otis Elevator Co,Farmington,USA,NA,135,United States,North America
2789,2018,Carrier Corp,Palm Beach Gardens,USA,NA,131,United States,North America
10811,2018,UOP Inc,Des Plaines,USA,NA,96,United States,North America
7224,2018,Medline Industries Inc,Northfield,USA,NA,73,United States,North America
5367,2018,Guardian Industries,Auburn Hills,USA,NA,51,United States,North America
9239,2018,Rosemount Inc,Chanhassen,USA,NA,23,United States,North America
27326,2018,Vertiv Co,Westerville,USA,NA,14,United States,North America
2216,2018,Binney & Smith Inc,Easton,USA,NA,11,United States,North America
2910,2018,Chamberlain Manufacturing Co,Chicago,USA,NA,11,United States,North America
213479,2018,TotalEnergies Marketing Kenya PLC,Nairobi,KEN,10,20,Kenya,Other
222111,2018,Petroleo Brasileiro S.A.- Petrobras,Rio De Janeiro,BRA,10,5,Brazil,Other
28520,2018,Ypf Sociedad Anonima Yacimientos Petroliferos Fiscales,Buenos Aires,ARG,10,1,Argentina,Other
100465,2018,Sasol Ltd,Johannesburg,ZAF,15,14,South Africa,Other
200499,2018,Vallourec & Mannesmann Tubes,Belo Horizonte,BRA,15,13,Brazil,Other
204440,2018,Makhteshim Agan Industries Ltd,Jingzhou,ISR,15,11,Israel,Other
200976,2018,Braskem SA,Sao Paulo,BRA,15,4,Brazil,Other
213311,2018,Evora SA,Porto Alegre,BRA,15,4,Brazil,Other
209382,2018,Vale SA,Rio De Janeiro,BRA,15,3,Brazil,Other
220211,2018,ICL GROUP LTD,Tel Aviv,ISR,15,2,Israel,Other
224900,2018,Palram Industries (1990) Ltd,Zevulun,ISR,15,2,Israel,Other
213346,2018,Punta Del Cobre SA,Copiapo,CHL,15,1,Chile,Other
311594,2018,Medical Packaging Co,Cairo,EGY,15,1,Egypt,Other
65380,2018,Elbit Systems Ltd,Haifa,ISR,20,31,Israel,Other
213288,2018,Embraer SA,Sao Paulo,BRA,20,20,Brazil,Other
289223,2018,Alaris Holdings Ltd,Centurion,ZAF,20,16,South Africa,Other
222123,2018,Odebrecht SA,Salvador,BRA,20,6,Brazil,Other
346647,2018,Phinergy Ltd,Lod,ISR,20,5,Israel,Other
345714,2018,Aquarius Engines (AM) Ltd,Yakum,ISR,20,4,Israel,Other
23243,2018,Kornit Digital Ltd,Rosh Haayin,ISR,20,3,Israel,Other
35222,2018,Fiverr International Ltd,Tel Aviv,ISR,20,3,Israel,Other
224896,2018,Minrav Group Ltd,Tel Aviv,ISR,20,2,Israel,Other
274677,2018,Amiad Water Systems Ltd,Upper Galilee,ISR,20,2,Israel,Other
206059,2018,Naspers Ltd,Cape Town,ZAF,25,21,South Africa,Other
271218,2018,Grendene SA,Sobral,BRA,25,11,Brazil,Other
205128,2018,Mahle-Metal Leve Sa,Mogi Guacu,BRA,25,9,Brazil,Other
275668,2018,Maytronics Ltd,Jezreel Valley,ISR,25,9,Israel,Other
297402,2018,Tadiran Group Ltd,Petah Tikva,ISR,25,9,Israel,Other
224604,2018,Delta Galil Industries Ltd,Caesarea,ISR,25,2,Israel,Other
177939,2018,Springs Global Participaccoes SA,Montes Claros,BRA,25,1,Brazil,Other
270786,2018,Wetzel SA,Joinville,BRA,25,1,Brazil,Other
285100,2018,Raval ACS Ltd,Beersheba,ISR,25,1,Israel,Other
296738,2018,Azzas 2154 SA,Belo Horizonte,BRA,25,1,Brazil,Other
270509,2018,Natura &Co Holding SA,Sao Paulo,BRA,30,24,Brazil,Other
313254,2018,Hortifrut S.A.,Santiago,CHL,30,3,Chile,Other
23290,2018,Strauss Group Ltd,Petah Tikva,ISR,30,2,Israel,Other
285188,2018,Marfrig Global Foods SA,Sao Paulo,BRA,30,2,Brazil,Other
224877,2018,Albad Massuot Yitzhak Ltd,Nir Yitzhak,ISR,30,1,Israel,Other
14538,2018,Teva Pharmaceutical Industries Ltd,Tel Aviv,ISR,35,34,Israel,Other
286396,2018,Evogene Ltd,Rehovot,ISR,35,11,Israel,Other
21103,2018,Lifeward Ltd,Yokneam Illit,ISR,35,5,Israel,Other
240221,2018,APS Technologies Ltd,Heteren,ZAF,35,5,South Africa,Other
22676,2018,Check-Cap Ltd,Isfiya,ISR,35,4,Israel,Other
160902,2018,Syneron Medical Ltd,Yokneam Illit,ISR,35,4,Israel,Other
175518,2018,Rosetta Genomics Ltd,Rehovot,ISR,35,4,Israel,Other
186953,2018,InspireMD Inc,Tel Aviv,ISR,35,4,Israel,Other
296885,2018,Redhill Biopharma Ltd,Tel Aviv,ISR,35,4,Israel,Other
21022,2018,Mapi - Pharma Ltd,Ness Ziona,ISR,35,2,Israel,Other
209957,2018,Boe Ltd,Cape Town,ZAF,40,153,South Africa,Other
30452,2018,Banco Bradesco S A,Osasco,BRA,40,12,Brazil,Other
279157,2018,Ecobank Transnational Inc,Lome,TGO,40,3,Togo,Other
240228,2018,Discovery Ltd,Johannesburg,ZAF,40,2,South Africa,Other
61902,2018,NICE Ltd,Ra'anana,ISR,45,33,Israel,Other
21002,2018,CyberArk Software Ltd,Petah Tikva,ISR,45,22,Israel,Other
23119,2018,SolarEdge Technologies Inc,Herzliya,ISR,45,22,Israel,Other
133905,2018,Nova Ltd,Rehovot,ISR,45,19,Israel,Other
31255,2018,Tower Semiconductor Ltd,Migdal Haemek,ISR,45,12,Israel,Other
28236,2018,Gilat Satellite Networks Ltd,Petah Tikva,ISR,45,9,Israel,Other
39786,2018,Valens Semiconductor Ltd,Hod Hasharon,ISR,45,8,Israel,Other
41498,2018,Beamr Imaging Ltd,Herzliya,ISR,45,6,Israel,Other
125074,2018,Radware Ltd,Tel Aviv,ISR,45,6,Israel,Other
351481,2018,Cipia Vision Ltd,Herzliya,ISR,45,5,Israel,Other
317637,2018,Nexxen International Ltd,Tel Aviv-Yafo,ISR,50,7,Israel,Other
37752,2018,Playtika Holding Corp,Herzliya Pituach,ISR,50,1,Israel,Other
211655,2018,MTN Group Ltd,Johannesburg,ZAF,50,1,South Africa,Other
220454,2018,Eskom,Sandton,ZAF,55,1,South Africa,Other
243145,2018,G City Ltd,Tel Aviv,ISR,60,2,Israel,Other
317586,2018,OCP S.A.,Casablanca,MAR,NA,2,Morocco,Other
334426,2019,Saudi Arabian Oil Company,Dhahran,SAU,10,560,Saudi Arabia,Asia Pacific
279449,2019,Idemitsu Kosan Co Ltd,Tokyo,JPN,10,97,Japan,Asia Pacific
285205,2019,SK Innovation Co Ltd,Seoul,KOR,10,54,South Korea,Asia Pacific
207074,2019,Reliance Industries Ltd,Mumbai,IND,10,44,India,Asia Pacific
100158,2019,ENEOS Holdings Inc,Tokyo,JPN,10,35,Japan,Asia Pacific
140756,2019,CHINA PETROLEUM & CHEMICAL CORPORATION,Beijing,CHN,10,30,China,Asia Pacific
212777,2019,Indian Oil Corp Ltd,New Delhi,IND,10,23,India,Asia Pacific
203741,2019,SK Discovery Co Ltd,Seongnam-si,KOR,10,9,South Korea,Asia Pacific
133870,2019,PetroChina Company Limited,Beijing,CHN,10,6,China,Asia Pacific
208175,2019,Oil & Natural Gas Corp Ltd,New Delhi,IND,10,6,India,Asia Pacific
245036,2019,Lg Chem Ltd,Seoul,KOR,15,799,South Korea,Asia Pacific
100155,2019,Nippon Steel Corp,Tokyo,JPN,15,315,Japan,Asia Pacific
100689,2019,Sumitomo Chemical Co Ltd,Tokyo,JPN,15,244,Japan,Asia Pacific
100697,2019,Shin-Etsu Chemical Co Ltd,Tokyo,JPN,15,212,Japan,Asia Pacific
248963,2019,Saudi Basic Industries Corp,Riyadh,SAU,15,209,Saudi Arabia,Asia Pacific
100258,2019,Asahi Kasei Corp,Tokyo,JPN,15,206,Japan,Asia Pacific
100724,2019,Toray Industries Inc,Tokyo,JPN,15,176,Japan,Asia Pacific
100683,2019,Nitto Denko Corp,Osaka,JPN,15,166,Japan,Asia Pacific
19045,2019,Mitsubishi Chemical Group Corporation,Tokyo,JPN,15,157,Japan,Asia Pacific
253738,2019,Jfe Holdings Inc,Tokyo,JPN,15,154,Japan,Asia Pacific
10622,2019,Toshiba Corp,Tokyo,JPN,20,2249,Japan,Asia Pacific
19043,2019,Mitsubishi Electric Corp,Tokyo,JPN,20,1440,Japan,Asia Pacific
5650,2019,Hitachi Ltd,Tokyo,JPN,20,959,Japan,Asia Pacific
100048,2019,Fanuc Corp,Yamanashi,JPN,20,682,Japan,Asia Pacific
100012,2019,Mitsubishi Heavy Industries Ltd,Tokyo,JPN,20,493,Japan,Asia Pacific
101851,2019,Fuji Electric Co Ltd,Tokyo,JPN,20,330,Japan,Asia Pacific
102773,2019,Nichias Corp,Tokyo,JPN,20,288,Japan,Asia Pacific
221821,2019,Nidec Corporation,Kyoto,JPN,20,242,Japan,Asia Pacific
103409,2019,Techtronic Industries Co Ltd,Kwai Chung,HKG,20,233,"Hong Kong, SAR China",Asia Pacific
100259,2019,AGC Inc,Tokyo,JPN,20,200,Japan,Asia Pacific
251303,2019,Lg Electronics Inc,Seoul,KOR,25,3371,South Korea,Asia Pacific
9818,2019,Sony Group Corporation,Tokyo,JPN,25,2795,Japan,Asia Pacific
19661,2019,Toyota Motor Corp,Toyota,JPN,25,2525,Japan,Asia Pacific
7114,2019,Panasonic Holdings Corporation,Kadoma,JPN,25,2123,Japan,Asia Pacific
104607,2019,Hyundai Motor Co,Seoul,KOR,25,1668,South Korea,Asia Pacific
5691,2019,Honda Motor Co Ltd,Tokyo,JPN,25,1219,Japan,Asia Pacific
19112,2019,Denso Corp,Kariya,JPN,25,1184,Japan,Asia Pacific
104606,2019,Kia Corporation,Seoul,KOR,25,1000,South Korea,Asia Pacific
100699,2019,Sharp Corp,Sakai,JPN,25,934,Japan,Asia Pacific
19413,2019,Sumitomo Electric Industries Ltd,Osaka,JPN,25,777,Japan,Asia Pacific
18715,2019,Kao Corp,Tokyo,JPN,30,85,Japan,Asia Pacific
286420,2019,CJ CheilJedang Corp,Seoul,KOR,30,69,South Korea,Asia Pacific
223528,2019,Japan Tobacco Inc,Tokyo,JPN,30,46,Japan,Asia Pacific
278216,2019,Amorepacific Corp,Seoul,KOR,30,46,South Korea,Asia Pacific
104854,2019,Unicharm Corporation,Tokyo,JPN,30,43,Japan,Asia Pacific
100253,2019,Ajinomoto Co Inc,Tokyo,JPN,30,33,Japan,Asia Pacific
19344,2019,Shiseido Co Ltd,Tokyo,JPN,30,32,Japan,Asia Pacific
327622,2019,MTG Co. Ltd.,Nagoya,JPN,30,26,Japan,Asia Pacific
105130,2019,Sakata Seed Corp,Yokohama,JPN,30,24,Japan,Asia Pacific
313859,2019,Korea Kolmar Co Ltd,Sejong City,KOR,30,18,South Korea,Asia Pacific
100686,2019,Olympus Corp,Tokyo,JPN,35,758,Japan,Asia Pacific
102146,2019,Terumo Corp,Tokyo,JPN,35,205,Japan,Asia Pacific
101256,2019,Fisher & Paykel Healthcare Corp Ltd,Auckland,NZL,35,104,New Zealand,Asia Pacific
212635,2019,Cochlear Ltd,Sydney,AUS,35,97,Australia,Asia Pacific
100718,2019,Takeda Pharmaceutical Co Ltd,Tokyo,JPN,35,96,Japan,Asia Pacific
100433,2019,Hoya Corp,Tokyo,JPN,35,88,Japan,Asia Pacific
354265,2019,Shanghai United Imaging Healthcare Co Ltd,Shanghai,CHN,35,80,China,Asia Pacific
350287,2019,PHC Holdings Corporation,Tokyo,JPN,35,68,Japan,Asia Pacific
296288,2019,Otsuka Holdings Co Ltd,Tokyo,JPN,35,63,Japan,Asia Pacific
212712,2019,Sysmex Corp,Kobe,JPN,35,48,Japan,Asia Pacific
160709,2019,Ping An Insurance Group Co of China Ltd,Shenzhen,CHN,40,16,China,Asia Pacific
356377,2019,Rakuten Bank Ltd,Tokyo,JPN,40,9,Japan,Asia Pacific
223068,2019,Piramal Enterprises Limited,Mumbai,IND,40,7,India,Asia Pacific
15668,2019,Orix Corp,Tokyo,JPN,40,4,Japan,Asia Pacific
210285,2019,Astra Capital Ltd,West Perth,AUS,40,4,Australia,Asia Pacific
207933,2019,Hanwha General Insurance Co Ltd,Seoul,KOR,40,3,South Korea,Asia Pacific
242218,2019,SBI Holdings Inc,Tokyo,JPN,40,3,Japan,Asia Pacific
10137,2019,Sumitomo Mitsui Financial Group Inc,Tokyo,JPN,40,2,Japan,Asia Pacific
248136,2019,Mizuho Financial Group Inc,Tokyo,JPN,40,2,Japan,Asia Pacific
272204,2019,NICE Holdings Co Ltd,Seoul,KOR,40,2,South Korea,Asia Pacific
104604,2019,Samsung Electronics Co Ltd,Suwon,KOR,45,9478,South Korea,Asia Pacific
2721,2019,Canon Inc,Tokyo,JPN,45,3927,Japan,Asia Pacific
201395,2019,Taiwan Semiconductor Manufacturing Co Ltd,Hsinchu City,TWN,45,2355,Taiwan,Asia Pacific
242058,2019,Boe Technology Group Co Ltd,Beijing,CHN,45,2182,China,Asia Pacific
257018,2019,Seiko Epson Corp,Suwa,JPN,45,1369,Japan,Asia Pacific
18467,2019,Fujitsu Ltd,Tokyo,JPN,45,1320,Japan,Asia Pacific
6512,2019,Kyocera Corp,Kyoto,JPN,45,1064,Japan,Asia Pacific
9135,2019,Ricoh Co Ltd,Tokyo,JPN,45,1040,Japan,Asia Pacific
7652,2019,Nec Corp,Tokyo,JPN,45,1015,Japan,Asia Pacific
100226,2019,Murata Manufacturing Co Ltd,Nagaokakyo,JPN,45,955,Japan,Asia Pacific
270615,2019,Tencent Holdings LTD,Shenzhen,CHN,50,458,China,Asia Pacific
7908,2019,Nippon Telegraph and Telephone Corporation,Tokyo,JPN,50,313,Japan,Asia Pacific
164532,2019,Baidu Inc,Beijing,CHN,50,224,China,Asia Pacific
102450,2019,Nintendo Co Ltd,Kyoto,JPN,50,146,Japan,Asia Pacific
133104,2019,KT Corporation,Seongnam-si,KOR,50,120,South Korea,Asia Pacific
203480,2019,SK Telecom Co Ltd,Seoul,KOR,50,100,South Korea,Asia Pacific
290702,2019,GREE Holdings Inc,Tokyo,JPN,50,59,Japan,Asia Pacific
200595,2019,Konami Group Corporation,Tokyo,JPN,50,51,Japan,Asia Pacific
255244,2019,NAVER Corp,Seongnam-si,KOR,50,47,South Korea,Asia Pacific
214509,2019,LY Corporation,Chiyoda,JPN,50,39,Japan,Asia Pacific
30874,2019,Korea Electric Power Corp,Naju-Si,KOR,55,36,South Korea,Asia Pacific
100846,2019,Osaka Gas Co Ltd,Osaka,JPN,55,6,Japan,Asia Pacific
293536,2019,China Longyuan Power Group Corp Ltd,Beijing,CHN,55,6,China,Asia Pacific
100439,2019,Chugoku Electric Power Co Inc,Hiroshima,JPN,55,5,Japan,Asia Pacific
239856,2019,Korea Gas Corp,Daegu,KOR,55,5,South Korea,Asia Pacific
100688,2019,Tokyo Electric Power Co Holdings Inc,Chiyoda,JPN,55,4,Japan,Asia Pacific
100690,2019,Tohoku Electric Power Co Inc,Sendai,JPN,55,3,Japan,Asia Pacific
318770,2019,CGN Power Co Ltd,Shenzhen,CHN,55,3,China,Asia Pacific
200370,2019,Aygaz,Sisli,TUR,55,2,Turkey,Asia Pacific
251720,2019,ENN Energy Holdings Ltd,Langfang,CHN,55,2,China,Asia Pacific
200477,2019,Peking University Resources (Holdings) Co Ltd,Causeway Bay,HKG,60,22,"Hong Kong, SAR China",Asia Pacific
242644,2019,Sunland Group Ltd Sdg,Surfers Paradise,AUS,60,4,Australia,Asia Pacific
17830,2019,Daiwa House Industry Co Ltd,Osaka,JPN,60,3,Japan,Asia Pacific
200422,2019,Low Keng Huat Singapore Ltd,Singapore,SGP,60,2,Singapore,Asia Pacific
19421,2019,Sun Hung Kai Properties Ltd,Wan Chai,HKG,60,1,"Hong Kong, SAR China",Asia Pacific
100436,2019,Daikyo Inc,Tokyo,JPN,60,1,Japan,Asia Pacific
103287,2019,Shun Tak Holdings Ltd,Central,HKG,60,1,"Hong Kong, SAR China",Asia Pacific
254418,2019,Ichigo Inc,Tokyo,JPN,60,1,Japan,Asia Pacific
259184,2019,SC Asset Corp Public Co Ltd,Bangkok,THA,60,1,Thailand,Asia Pacific
260480,2019,Japan Asset Marketing Co Ltd,Tokyo,JPN,60,1,Japan,Asia Pacific
321386,2019,Suntory Holdings Ltd,Tokyo,JPN,NA,27,Japan,Asia Pacific
202875,2019,KDK Corp,Kyoto,JPN,NA,16,Japan,Asia Pacific
332577,2019,Supernet Technologies Ltd,Karachi,PAK,NA,8,Pakistan,Asia Pacific
343791,2019,ThroughTek Co Ltd,Taipei,TWN,NA,2,Taiwan,Asia Pacific
346454,2019,Qbic Technology Co Ltd,New Taipei City,TWN,NA,2,Taiwan,Asia Pacific
102484,2019,Donaghys Ltd,Christchurch,NZL,NA,1,New Zealand,Asia Pacific
342125,2019,Innovision FlexTech Corp,Kaohsiung,TWN,NA,1,Taiwan,Asia Pacific
358604,2019,Xikang Cloud Hospital Holdings Inc,Ningbo,CHN,NA,1,China,Asia Pacific
24625,2019,TotalEnergies SE,Courbevoie,FRA,10,166,France,Europe
102983,2019,Viridien Societe anonyme,Massy,FRA,10,81,France,Europe
216613,2019,TGS ASA,Oslo,NOR,10,70,Norway,Europe
220546,2019,Equinor ASA,Stavanger,NOR,10,41,Norway,Europe
270267,2019,Akastor ASA,Baerum,NOR,10,31,Norway,Europe
101083,2019,Saipem SpA,Milan,ITA,10,29,Italy,Europe
61616,2019,Eni SpA,Rome,ITA,10,27,Italy,Europe
12384,2019,Shell Plc,London,GBR,10,18,United Kingdom,Europe
317929,2019,Magseis Fairfield ASA,Lysaker,NOR,10,14,Norway,Europe
101861,2019,Hunting PLC,London,GBR,10,12,United Kingdom,Europe
17436,2019,BASF SE,Ludwigshafen am Rhein,DEU,15,626,Germany,Europe
295421,2019,Evonik Industries AG,Essen,DEU,15,189,Germany,Europe
241216,2019,"Syngenta AG, Basel",Basel,CHE,15,171,Switzerland,Europe
103176,2019,thyssenkrupp AG,Essen,DEU,15,163,Germany,Europe
102454,2019,DSM Firmenich AG,Kaiseraugst,CHE,15,153,Switzerland,Europe
277043,2019,Arkema,Colombes,FRA,15,152,France,Europe
220789,2019,Dyson Group PLC,Chesterfield,GBR,15,149,United Kingdom,Europe
101202,2019,L'Air Liquide SA,Paris,FRA,15,125,France,Europe
241336,2019,Novonesis A/S,Bagsvaerd,DNK,15,116,Denmark,Europe
101394,2019,"Solvay SA, Bruxelles",Brussels,BEL,15,106,Belgium,Europe
19349,2019,Siemens AG,Munich,DEU,20,954,Germany,Europe
220833,2019,Airbus SE,Leiden,NLD,20,633,Netherlands,Europe
100499,2019,Rolls Royce Holdings PLC,London,GBR,20,594,United Kingdom,Europe
4199,2019,Eaton Corporation plc,Dublin,IRL,20,518,Ireland,Europe
101305,2019,Safran SA,Paris,FRA,20,481,France,Europe
295786,2019,CNH Industrial N V,Basildon,GBR,20,442,United Kingdom,Europe
210418,2019,ABB Ltd,Zurich,CHE,20,425,Switzerland,Europe
321698,2019,Signify NV,Eindhoven,NLD,20,401,Netherlands,Europe
315541,2019,Osram Licht AG,Munich,DEU,20,338,Germany,Europe
101336,2019,Schneider Electric S E,Rueil-Malmaison,FRA,20,242,France,Europe
100737,2019,Volkswagen AG,Wolfsburg,DEU,25,619,Germany,Europe
100609,2019,Continental AG,Hanover,DEU,25,512,Germany,Europe
100022,2019,Bayerische Motoren Werke Aktiengesellschaft,Munich,DEU,25,449,Germany,Europe
102523,2019,Valeo SE,Paris,FRA,25,327,France,Europe
320124,2019,Schaeffler AG,Herzogenaurach,DEU,25,276,Germany,Europe
101277,2019,Compagnie Generale des Etablissements Michelin Societe en commandite par actions,Clermont-Ferrand,FRA,25,212,France,Europe
27333,2019,Adient plc,Dublin,IRL,25,203,Ireland,Europe
102299,2019,Forvia SE,Nanterre,FRA,25,177,France,Europe
245918,2019,International Game Technology PLC,London,GBR,25,151,United Kingdom,Europe
14620,2019,Electrolux AB,Stockholm,SWE,25,144,Sweden,Europe
101942,2019,Henkel AG & Co KGaA,Dusseldorf,DEU,30,211,Germany,Europe
100581,2019,LOreal SA,Clichy,FRA,30,165,France,Europe
16603,2019,"Nestle SA, Cham Und Vevey",Vevey,CHE,30,151,Switzerland,Europe
10846,2019,Unilever PLC,London,GBR,30,90,United Kingdom,Europe
1932,2019,British American Tobacco PLC,London,GBR,30,70,United Kingdom,Europe
324770,2019,Essity Aktiebolag,Stockholm,SWE,30,54,Sweden,Europe
100083,2019,Beiersdorf AG,Hamburg,DEU,30,40,Germany,Europe
212773,2019,Imperial Brands PLC,Bristol,GBR,30,29,United Kingdom,Europe
210918,2019,Vilmorin & Cie SA,Paris,FRA,30,25,France,Europe
248419,2019,Suominen Corp,Helsinki,FIN,30,22,Finland,Europe
8546,2019,Koninklijke Philips NV,Amsterdam,NLD,35,1305,Netherlands,Europe
100080,2019,Bayer AG,Leverkusen,DEU,35,782,Germany,Europe
326765,2019,Siemens Healthineers AG,Forchheim,DEU,35,652,Germany,Europe
25648,2019,Roche Holding AG,Basel,CHE,35,521,Switzerland,Europe
101204,2019,Sanofi,Paris,FRA,35,292,France,Europe
101310,2019,Novartis AG,Basel,CHE,35,256,Switzerland,Europe
101317,2019,Smith & Nephew PLC,Watford,GBR,35,160,United Kingdom,Europe
212782,2019,Fresenius Medical Care AG,Bad Homburg,DEU,35,138,Germany,Europe
5180,2019,GSK plc,Brentford,GBR,35,135,United Kingdom,Europe
101248,2019,EssilorLuxottica Societe anonyme,Paris,FRA,35,128,France,Europe
278557,2019,Touchstone Innovations Plc,London,GBR,40,18,United Kingdom,Europe
246706,2019,London Stock Exchange Group PLC,London,GBR,40,15,United Kingdom,Europe
3221,2019,Aon plc,Dublin,IRL,40,9,Ireland,Europe
63546,2019,"Schweizerische Rueckversicherungs-Gesellschaft, Zuerich",Zurich,CHE,40,9,Switzerland,Europe
21408,2019,Groupe Bruxelles Lambert SA,Brussels,BEL,40,8,Belgium,Europe
12673,2019,Barclays PLC,London,GBR,40,5,United Kingdom,Europe
15671,2019,Skandinaviska Enskilda Banken Ab,Stockholm,SWE,40,4,Sweden,Europe
15549,2019,UniCredit SpA,Milan,ITA,40,2,Italy,Europe
15784,2019,Societe Generale Group,Paris,FRA,40,2,France,Europe
144496,2019,UBS Group AG,Zurich,CHE,40,2,Switzerland,Europe
4439,2019,Telefonaktiebolaget LM Ericsson (publ),Stockholm,SWE,45,1656,Sweden,Europe
132740,2019,Infineon Technologies AG,Neubiberg,DEU,45,971,Germany,Europe
23671,2019,Nokia OYJ,Espoo,FIN,45,840,Finland,Europe
31142,2019,STMicroelectronics NV,Schiphol,NLD,45,753,Netherlands,Europe
103487,2019,SAP SE,Walldorf,DEU,45,665,Germany,Europe
184725,2019,NXP Semiconductors NV,Eindhoven,NLD,45,654,Netherlands,Europe
177267,2019,TE Connectivity plc,Ballybrit,IRL,45,325,Ireland,Europe
61214,2019,ASML Holding NV,Veldhoven,NLD,45,314,Netherlands,Europe
43285,2019,Arm Holdings plc,Cambridge,GBR,45,303,United Kingdom,Europe
143357,2019,Accenture PLC,Dublin,IRL,45,279,Ireland,Europe
220940,2019,Orange SA,Issy-les-Moulineaux,FRA,50,106,France,Europe
14605,2019,WPP PLC,London,GBR,50,99,United Kingdom,Europe
2411,2019,BT Group PLC,London,GBR,50,89,United Kingdom,Europe
33175,2019,Spotify Technology SA,Luxembourg City,LUX,50,57,Luxembourg,Europe
221616,2019,Deutsche Telekom AG,Bonn,DEU,50,41,Germany,Europe
19151,2019,Telecom Italia SPA,Rome,ITA,50,34,Italy,Europe
14894,2019,Vodafone Group Public Limited Company,Newbury,GBR,50,32,United Kingdom,Europe
61440,2019,Koninklijke Kpn NV,Rotterdam,NLD,50,24,Netherlands,Europe
220579,2019,Telia Company AB (publ),Solna,SWE,50,13,Sweden,Europe
114927,2019,"Swisscom AG, Ittigen",Bern,CHE,50,11,Switzerland,Europe
220920,2019,EDF,Paris,FRA,55,32,France,Europe
238616,2019,Veolia Environnement SA,Paris,FRA,55,26,France,Europe
100590,2019,E.ON SE,Essen,DEU,55,17,Germany,Europe
213423,2019,Centrica PLC,Windsor,GBR,55,16,United Kingdom,Europe
220942,2019,Engie SA,Courbevoie,FRA,55,11,France,Europe
289259,2019,Vigie SA,Paris,FRA,55,6,France,Europe
321632,2019,Uniper SE,Dusseldorf,DEU,55,2,Germany,Europe
349408,2019,Corporacion Acciona Energias Renovables S.A.,Madrid,ESP,55,2,Spain,Europe
20130,2019,Atlantica Sustainable Infrastructure plc,Brentford,GBR,55,1,United Kingdom,Europe
100557,2019,Suez Nanterre,Paris,FRA,55,1,France,Europe
210446,2019,MRM Sa,Paris,FRA,60,1,France,Europe
202242,2019,A. Friedr. Flender GmbH,Bocholt,DEU,NA,10,Germany,Europe
211865,2019,Suunto Oy,Vantaa,FIN,NA,7,Finland,Europe
201743,2019,Economos Industrie-Beteiligungen und Managementservice AG,Judenburg,AUT,NA,2,Austria,Europe
4099,2019,Dunlop Holdings PLC,LONDON,GBR,NA,1,United Kingdom,Europe
215449,2019,Ulstein Holding ASA,Ulsteinvik,NOR,NA,1,Norway,Europe
223534,2019,Norbain PLC,Wokingham,GBR,NA,1,United Kingdom,Europe
318761,2019,EuroChem Group AG,Zug,CHE,NA,1,Switzerland,Europe
337060,2019,Incanthera plc,Manchester,GBR,NA,1,United Kingdom,Europe
340102,2019,BoMill AB publ,Malmo,SWE,NA,1,Sweden,Europe
346469,2019,Medesis Pharma SA,Montpellier,FRA,NA,1,France,Europe
5439,2019,Halliburton Co,Houston,USA,10,1112,United States,North America
9465,2019,Schlumberger Ltd,Houston,USA,10,839,United States,North America
4503,2019,Exxon Mobil Corp,Spring,USA,10,369,United States,North America
4367,2019,Weatherford International plc,Houston,USA,10,167,United States,North America
2991,2019,Chevron Corp,San Ramon,USA,10,130,United States,North America
9653,2019,Shell Oil Co,Houston,USA,10,115,United States,North America
1976,2019,Baker Hughes Inc,Houston,USA,10,85,United States,North America
8549,2019,Conocophillips,Houston,USA,10,65,United States,North America
33326,2019,ChampionX Corp,The Woodlands,USA,10,64,United States,North America
63892,2019,NOV Inc,Houston,USA,10,63,United States,North America
35168,2019,Corteva Inc,Indianapolis,USA,15,475,United States,North America
34443,2019,Dow Inc,Midland,USA,15,441,United States,North America
4213,2019,Ecolab Inc.,Saint Paul,USA,15,203,United States,North America
4060,2019,DuPont  De Nemours Inc,Wilmington,USA,15,110,United States,North America
1913,2019,Avery Dennison Corp,Mentor,USA,15,96,United States,North America
4087,2019,E. I. du Pont de Nemours and Co,Indianapolis,USA,15,91,United States,North America
148210,2019,Chevron Phillips Chemical Co LLC,The Woodlands,USA,15,76,United States,North America
8247,2019,PPG Industries Inc.,Pittsburgh,USA,15,72,United States,North America
20194,2019,Hauser Inc,Long Beach,USA,15,70,United States,North America
29392,2019,Eastman Chemical Co,Kingsport,USA,15,62,United States,North America
5047,2019,GE Aerospace,Evendale,USA,20,2867,United States,North America
10983,2019,RTX Corp,Arlington,USA,20,2303,United States,North America
2285,2019,Boeing Co,Arlington,USA,20,1555,United States,North America
1300,2019,Honeywell International Inc,Charlotte,USA,20,989,United States,North America
7435,2019,3M Co,Saint Paul,USA,20,771,United States,North America
2817,2019,Caterpillar Inc,Irving,USA,20,518,United States,North America
3835,2019,DEERE & COMPANY,Moline,USA,20,409,United States,North America
10163,2019,Sundstrand Corp,Rockford,USA,20,353,United States,North America
6774,2019,Lockheed Martin Corp,Bethesda,USA,20,344,United States,North America
5878,2019,Illinois Tool Works Inc.,Glenview,USA,20,311,United States,North America
4839,2019,Ford Motor Co,Dearborn,USA,25,2684,United States,North America
64768,2019,Amazon.com Inc,Seattle,USA,25,2674,United States,North America
5073,2019,General Motors Co,Detroit,USA,25,1591,United States,North America
7906,2019,NIKE Inc,Beaverton,USA,25,1038,United States,North America
11465,2019,Whirlpool Corp,Benton Harbor,USA,25,363,United States,North America
6946,2019,Magna International Inc,Aurora,CAN,25,292,Canada,North America
114524,2019,eBay Inc.,San Jose,USA,25,265,United States,North America
28742,2019,BorgWarner Inc,Auburn Hills,USA,25,237,United States,North America
27575,2019,Acushnet Holdings Corp,Fairhaven,USA,25,196,United States,North America
63797,2019,ACNielsen Corp,New York,USA,25,192,United States,North America
8762,2019,Procter & Gamble Co (The),Cincinnati,USA,30,660,United States,North America
11259,2019,Walmart Inc,Bentonville,USA,30,430,United States,North America
8543,2019,Altria Group Inc,Richmond,USA,30,207,United States,North America
3170,2019,Colgate-Palmolive Co,New York,USA,30,206,United States,North America
179621,2019,Philip Morris International Inc,Stamford,USA,30,126,United States,North America
6435,2019,Kimberly-Clark Corp,Dallas,USA,30,113,United States,North America
8479,2019,PepsiCo Inc,Purchase,USA,30,101,United States,North America
3813,2019,Target Corp,Minneapolis,USA,30,80,United States,North America
11670,2019,Spectrum Brands Holdings Inc,Middleton,USA,30,64,United States,North America
148276,2019,Land O'Lakes Inc.,Arden Hills,USA,30,59,United States,North America
6266,2019,Johnson & Johnson,New Brunswick,USA,35,1457,United States,North America
7228,2019,Medtronic PLC,Galway,USA,35,1334,United States,North America
25279,2019,Boston Scientific Corp,Marlborough,USA,35,656,United States,North America
1078,2019,Abbott Laboratories,North Chicago,USA,35,536,United States,North America
2111,2019,Becton Dickinson and Co,Franklin Lakes,USA,35,513,United States,North America
10115,2019,Stryker Corp,Portage,USA,35,467,United States,North America
7257,2019,Merck & Co Inc,Rahway,USA,35,361,United States,North America
171002,2019,Globus Medical Inc,Audubon,USA,35,220,United States,North America
16101,2019,AbbVie Inc,North Chicago,USA,35,213,United States,North America
144559,2019,Zimmer Biomet Holdings Inc,Warsaw,USA,35,209,United States,North America
30990,2019,Capital One Financial Corp,McLean,USA,40,638,United States,North America
7647,2019,Bank of America Corp,Charlotte,USA,40,416,United States,North America
122594,2019,State Farm Insurance,Bloomington,USA,40,285,United States,North America
24616,2019,PayPal Holdings Inc,San Jose,USA,40,275,United States,North America
160225,2019,Mastercard Inc,Purchase,USA,40,266,United States,North America
179534,2019,Visa Inc,San Francisco,USA,40,249,United States,North America
122554,2019,United Services Auto Assn,San Antonio,USA,40,237,United States,North America
2176,2019,Berkshire Hathaway Inc,Omaha,USA,40,232,United States,North America
8007,2019,Wells Fargo & Co,San Francisco,USA,40,153,United States,North America
26367,2019,Block Inc,Oakland,USA,40,136,United States,North America
6066,2019,International Business Machines Corp,Armonk,USA,45,9538,United States,North America
6008,2019,Intel Corp,Santa Clara,USA,45,3712,United States,North America
12141,2019,Microsoft Corp,Redmond,USA,45,3297,United States,North America
1690,2019,Apple Inc,Cupertino,USA,45,2841,United States,North America
24800,2019,QUALCOMM Inc.,San Diego,USA,45,2395,United States,North America
14489,2019,Dell Technologies Inc,Round Rock,USA,45,1713,United States,North America
20779,2019,Cisco Systems Inc,San Jose,USA,45,1338,United States,North America
7343,2019,Micron Technology Inc.,Boise,USA,45,1280,United States,North America
5606,2019,HP Inc,Palo Alto,USA,45,1004,United States,North America
10499,2019,Texas Instruments Inc,Dallas,USA,45,897,United States,North America
160329,2019,Alphabet Inc,Mountain View,USA,50,3022,United States,North America
170617,2019,Meta Platforms Inc,Menlo Park,USA,50,1428,United States,North America
9899,2019,AT&T Inc,Dallas,USA,50,1324,United States,North America
2136,2019,Verizon Communications Inc,New York,USA,50,430,United States,North America
17874,2019,T-Mobile US Inc,Bellevue,USA,50,360,United States,North America
3980,2019,Walt Disney Co (The),Burbank,USA,50,294,United States,North America
3226,2019,Comcast Corp,Philadelphia,USA,50,275,United States,North America
2884,2019,Lumen Technologies Inc,Monroe,USA,50,182,United States,North America
30091,2019,Snap Inc,Santa Monica,USA,50,148,United States,North America
147204,2019,Cogent Communications Holdings Inc,Washington,USA,50,145,United States,North America
135990,2019,NRG Energy Inc,Houston,USA,55,100,United States,North America
5808,2019,Hydro Quebec,Montreal,CAN,55,9,Canada,North America
4029,2019,Dominion Energy Inc,Richmond,USA,55,7,United States,North America
4517,2019,NextEra Energy Inc,Juno Beach,USA,55,6,United States,North America
3413,2019,Consolidated Edison Inc.,New York,USA,55,5,United States,North America
9850,2019,Southern Co (The),Atlanta,USA,55,5,United States,North America
24216,2019,AES Corp (The),Arlington,USA,55,5,United States,North America
65090,2019,San Diego Gas & Electric Co,San Diego,USA,55,5,United States,North America
7904,2019,Nicor Inc.,Naperville,USA,55,3,United States,North America
1440,2019,American Electric Power Co Inc,Columbus,USA,55,2,United States,North America
138743,2019,Equinix Inc,Redwood City,USA,60,21,United States,North America
187039,2019,Zillow Group Inc,Seattle,USA,60,8,United States,North America
112111,2019,CoStar Group Inc,Washington,USA,60,6,United States,North America
39357,2019,Doma Holdings Inc,San Francisco,USA,60,2,United States,North America
7402,2019,Miller Industries Inc,Miami,USA,60,1,United States,North America
11456,2019,Weyerhaeuser Co,Seattle,USA,60,1,United States,North America
32102,2019,Redfin Corp,Seattle,USA,60,1,United States,North America
33433,2019,WeWork Inc,New York,USA,60,1,United States,North America
62374,2019,Iron Mountain Inc,Portsmouth,USA,60,1,United States,North America
6491,2019,Kohler Co,Kohler,USA,NA,191,United States,North America
8198,2019,Otis Elevator Co,Farmington,USA,NA,190,United States,North America
2789,2019,Carrier Corp,Palm Beach Gardens,USA,NA,171,United States,North America
10811,2019,UOP Inc,Des Plaines,USA,NA,124,United States,North America
7224,2019,Medline Industries Inc,Northfield,USA,NA,84,United States,North America
5367,2019,Guardian Industries,Auburn Hills,USA,NA,82,United States,North America
9239,2019,Rosemount Inc,Chanhassen,USA,NA,28,United States,North America
27326,2019,Vertiv Co,Westerville,USA,NA,24,United States,North America
2910,2019,Chamberlain Manufacturing Co,Chicago,USA,NA,16,United States,North America
4268,2019,Electro-Nite Co,Philadelphia,USA,NA,12,United States,North America
213479,2019,TotalEnergies Marketing Kenya PLC,Nairobi,KEN,10,21,Kenya,Other
222111,2019,Petroleo Brasileiro S.A.- Petrobras,Rio De Janeiro,BRA,10,10,Brazil,Other
28520,2019,Ypf Sociedad Anonima Yacimientos Petroliferos Fiscales,Buenos Aires,ARG,10,2,Argentina,Other
277768,2019,Lupatech SA,Sao Paulo,BRA,10,1,Brazil,Other
200499,2019,Vallourec & Mannesmann Tubes,Belo Horizonte,BRA,15,21,Brazil,Other
100465,2019,Sasol Ltd,Johannesburg,ZAF,15,13,South Africa,Other
200976,2019,Braskem SA,Sao Paulo,BRA,15,6,Brazil,Other
204440,2019,Makhteshim Agan Industries Ltd,Jingzhou,ISR,15,6,Israel,Other
209382,2019,Vale SA,Rio De Janeiro,BRA,15,3,Brazil,Other
220211,2019,ICL GROUP LTD,Tel Aviv,ISR,15,3,Israel,Other
17287,2019,Sibanye-Stillwater Limited,Weltevredenpark,ZAF,15,1,South Africa,Other
33728,2019,Sigma Lithium Corporation,Sao Paulo,BRA,15,1,Brazil,Other
102422,2019,Sappi Ltd,Johannesburg,ZAF,15,1,South Africa,Other
183968,2019,N2OFF Inc,Hod HaSharon,ISR,15,1,Israel,Other
65380,2019,Elbit Systems Ltd,Haifa,ISR,20,32,Israel,Other
213288,2019,Embraer SA,Sao Paulo,BRA,20,24,Brazil,Other
213287,2019,Embraco SA,Joinville,BRA,20,9,Brazil,Other
289223,2019,Alaris Holdings Ltd,Centurion,ZAF,20,7,South Africa,Other
23243,2019,Kornit Digital Ltd,Rosh Haayin,ISR,20,5,Israel,Other
222123,2019,Odebrecht SA,Salvador,BRA,20,5,Brazil,Other
170758,2019,Caesarstone Ltd,Menashe,ISR,20,4,Israel,Other
300107,2019,Nano Dimension Ltd,Ness Ziona,ISR,20,4,Israel,Other
35222,2019,Fiverr International Ltd,Tel Aviv,ISR,20,2,Israel,Other
345567,2019,Gencell Ltd,Petah Tikva,ISR,20,2,Israel,Other
205128,2019,Mahle-Metal Leve Sa,Mogi Guacu,BRA,25,24,Brazil,Other
206059,2019,Naspers Ltd,Cape Town,ZAF,25,19,South Africa,Other
275668,2019,Maytronics Ltd,Jezreel Valley,ISR,25,13,Israel,Other
285100,2019,Raval ACS Ltd,Beersheba,ISR,25,4,Israel,Other
271218,2019,Grendene SA,Sobral,BRA,25,3,Brazil,Other
41640,2019,Mobileye Global Inc,Jerusalem,ISR,25,1,Israel,Other
177939,2019,Springs Global Participaccoes SA,Montes Claros,BRA,25,1,Brazil,Other
220484,2019,Alpargatas SA,Sao Paulo,BRA,25,1,Brazil,Other
224604,2019,Delta Galil Industries Ltd,Caesarea,ISR,25,1,Israel,Other
297402,2019,Tadiran Group Ltd,Petah Tikva,ISR,25,1,Israel,Other
270509,2019,Natura &Co Holding SA,Sao Paulo,BRA,30,10,Brazil,Other
313254,2019,Hortifrut S.A.,Santiago,CHL,30,5,Chile,Other
23290,2019,Strauss Group Ltd,Petah Tikva,ISR,30,2,Israel,Other
285188,2019,Marfrig Global Foods SA,Sao Paulo,BRA,30,2,Brazil,Other
295237,2019,Tereos Internacional SA,Sao Paulo,BRA,30,2,Brazil,Other
14538,2019,Teva Pharmaceutical Industries Ltd,Tel Aviv,ISR,35,31,Israel,Other
286396,2019,Evogene Ltd,Rehovot,ISR,35,15,Israel,Other
240221,2019,APS Technologies Ltd,Heteren,ZAF,35,10,South Africa,Other
21103,2019,Lifeward Ltd,Yokneam Illit,ISR,35,5,Israel,Other
275799,2019,Xylo Technologies Ltd,Tel Aviv,ISR,35,5,Israel,Other
296885,2019,Redhill Biopharma Ltd,Tel Aviv,ISR,35,5,Israel,Other
152008,2019,Pluri Inc,Haifa,ISR,35,4,Israel,Other
186953,2019,InspireMD Inc,Tel Aviv,ISR,35,4,Israel,Other
138781,2019,Compugen Ltd,Holon,ISR,35,3,Israel,Other
160902,2019,Syneron Medical Ltd,Yokneam Illit,ISR,35,3,Israel,Other
209957,2019,Boe Ltd,Cape Town,ZAF,40,243,South Africa,Other
321213,2019,United Investment Ltd,Port Louis,MUS,40,7,Mauritius,Other
292249,2019,Cielo SA,Barueri,BRA,40,2,Brazil,Other
119754,2019,EFG Holding Company,6th of October City,EGY,40,1,Egypt,Other
240228,2019,Discovery Ltd,Johannesburg,ZAF,40,1,South Africa,Other
243365,2019,IBL Ltd,Port Louis,MUS,40,1,Mauritius,Other
279157,2019,Ecobank Transnational Inc,Lome,TGO,40,1,Togo,Other
313992,2019,CIM Financial Services Ltd,Port Louis,MUS,40,1,Mauritius,Other
320789,2019,The Trendlines Group Ltd,M P Misgav,ISR,40,1,Israel,Other
61902,2019,NICE Ltd,Ra'anana,ISR,45,37,Israel,Other
21002,2019,CyberArk Software Ltd,Petah Tikva,ISR,45,21,Israel,Other
23119,2019,SolarEdge Technologies Inc,Herzliya,ISR,45,17,Israel,Other
133905,2019,Nova Ltd,Rehovot,ISR,45,15,Israel,Other
18869,2019,Wix.com Ltd,Tel Aviv,ISR,45,14,Israel,Other
39786,2019,Valens Semiconductor Ltd,Hod Hasharon,ISR,45,12,Israel,Other
63185,2019,Check Point Software Technologies Ltd,Tel Aviv,ISR,45,11,Israel,Other
38590,2019,Innoviz Technologies Ltd,Rosh Haayin,ISR,45,10,Israel,Other
125074,2019,Radware Ltd,Tel Aviv,ISR,45,6,Israel,Other
133564,2019,Camtek Ltd,Migdal Haemek,ISR,45,5,Israel,Other
317637,2019,Nexxen International Ltd,Tel Aviv-Yafo,ISR,50,11,Israel,Other
222070,2019,Bezeq The Israel Telecommunication Corp Ltd,Holon,ISR,50,1,Israel,Other
205879,2019,Companhia De Electricidade Da Bahia Coelba,Salvador,BRA,55,1,Brazil,Other
334426,2020,Saudi Arabian Oil Company,Dhahran,SAU,10,687,Saudi Arabia,Asia Pacific
279449,2020,Idemitsu Kosan Co Ltd,Tokyo,JPN,10,89,Japan,Asia Pacific
285205,2020,SK Innovation Co Ltd,Seoul,KOR,10,46,South Korea,Asia Pacific
207074,2020,Reliance Industries Ltd,Mumbai,IND,10,40,India,Asia Pacific
140756,2020,CHINA PETROLEUM & CHEMICAL CORPORATION,Beijing,CHN,10,39,China,Asia Pacific
100158,2020,ENEOS Holdings Inc,Tokyo,JPN,10,30,Japan,Asia Pacific
212777,2020,Indian Oil Corp Ltd,New Delhi,IND,10,26,India,Asia Pacific
133870,2020,PetroChina Company Limited,Beijing,CHN,10,24,China,Asia Pacific
203741,2020,SK Discovery Co Ltd,Seongnam-si,KOR,10,11,South Korea,Asia Pacific
208175,2020,Oil & Natural Gas Corp Ltd,New Delhi,IND,10,11,India,Asia Pacific
245036,2020,Lg Chem Ltd,Seoul,KOR,15,965,South Korea,Asia Pacific
100697,2020,Shin-Etsu Chemical Co Ltd,Tokyo,JPN,15,286,Japan,Asia Pacific
100155,2020,Nippon Steel Corp,Tokyo,JPN,15,271,Japan,Asia Pacific
248963,2020,Saudi Basic Industries Corp,Riyadh,SAU,15,251,Saudi Arabia,Asia Pacific
100689,2020,Sumitomo Chemical Co Ltd,Tokyo,JPN,15,229,Japan,Asia Pacific
100258,2020,Asahi Kasei Corp,Tokyo,JPN,15,223,Japan,Asia Pacific
100724,2020,Toray Industries Inc,Tokyo,JPN,15,203,Japan,Asia Pacific
100683,2020,Nitto Denko Corp,Osaka,JPN,15,140,Japan,Asia Pacific
253738,2020,Jfe Holdings Inc,Tokyo,JPN,15,139,Japan,Asia Pacific
101154,2020,Zeon Corp,Tokyo,JPN,15,134,Japan,Asia Pacific
10622,2020,Toshiba Corp,Tokyo,JPN,20,1892,Japan,Asia Pacific
19043,2020,Mitsubishi Electric Corp,Tokyo,JPN,20,1358,Japan,Asia Pacific
5650,2020,Hitachi Ltd,Tokyo,JPN,20,1055,Japan,Asia Pacific
100048,2020,Fanuc Corp,Yamanashi,JPN,20,659,Japan,Asia Pacific
100012,2020,Mitsubishi Heavy Industries Ltd,Tokyo,JPN,20,526,Japan,Asia Pacific
102773,2020,Nichias Corp,Tokyo,JPN,20,302,Japan,Asia Pacific
221821,2020,Nidec Corporation,Kyoto,JPN,20,298,Japan,Asia Pacific
101851,2020,Fuji Electric Co Ltd,Tokyo,JPN,20,281,Japan,Asia Pacific
103409,2020,Techtronic Industries Co Ltd,Kwai Chung,HKG,20,230,"Hong Kong, SAR China",Asia Pacific
100259,2020,AGC Inc,Tokyo,JPN,20,194,Japan,Asia Pacific
251303,2020,Lg Electronics Inc,Seoul,KOR,25,3245,South Korea,Asia Pacific
9818,2020,Sony Group Corporation,Tokyo,JPN,25,2922,Japan,Asia Pacific
19661,2020,Toyota Motor Corp,Toyota,JPN,25,2640,Japan,Asia Pacific
7114,2020,Panasonic Holdings Corporation,Kadoma,JPN,25,2004,Japan,Asia Pacific
104607,2020,Hyundai Motor Co,Seoul,KOR,25,1633,South Korea,Asia Pacific
104606,2020,Kia Corporation,Seoul,KOR,25,1403,South Korea,Asia Pacific
5691,2020,Honda Motor Co Ltd,Tokyo,JPN,25,1336,Japan,Asia Pacific
19112,2020,Denso Corp,Kariya,JPN,25,1223,Japan,Asia Pacific
100699,2020,Sharp Corp,Sakai,JPN,25,1136,Japan,Asia Pacific
19413,2020,Sumitomo Electric Industries Ltd,Osaka,JPN,25,768,Japan,Asia Pacific
18715,2020,Kao Corp,Tokyo,JPN,30,112,Japan,Asia Pacific
286420,2020,CJ CheilJedang Corp,Seoul,KOR,30,108,South Korea,Asia Pacific
223528,2020,Japan Tobacco Inc,Tokyo,JPN,30,59,Japan,Asia Pacific
104854,2020,Unicharm Corporation,Tokyo,JPN,30,46,Japan,Asia Pacific
338946,2020,Smoore International Holdings Ltd,Shenzhen,CHN,30,44,China,Asia Pacific
278216,2020,Amorepacific Corp,Seoul,KOR,30,42,South Korea,Asia Pacific
100253,2020,Ajinomoto Co Inc,Tokyo,JPN,30,39,Japan,Asia Pacific
19344,2020,Shiseido Co Ltd,Tokyo,JPN,30,30,Japan,Asia Pacific
313859,2020,Korea Kolmar Co Ltd,Sejong City,KOR,30,27,South Korea,Asia Pacific
245697,2020,LG H&H Co Ltd,Seoul,KOR,30,20,South Korea,Asia Pacific
100686,2020,Olympus Corp,Tokyo,JPN,35,672,Japan,Asia Pacific
102146,2020,Terumo Corp,Tokyo,JPN,35,167,Japan,Asia Pacific
354265,2020,Shanghai United Imaging Healthcare Co Ltd,Shanghai,CHN,35,132,China,Asia Pacific
101256,2020,Fisher & Paykel Healthcare Corp Ltd,Auckland,NZL,35,125,New Zealand,Asia Pacific
212635,2020,Cochlear Ltd,Sydney,AUS,35,97,Australia,Asia Pacific
100718,2020,Takeda Pharmaceutical Co Ltd,Tokyo,JPN,35,88,Japan,Asia Pacific
100433,2020,Hoya Corp,Tokyo,JPN,35,81,Japan,Asia Pacific
350287,2020,PHC Holdings Corporation,Tokyo,JPN,35,78,Japan,Asia Pacific
212712,2020,Sysmex Corp,Kobe,JPN,35,65,Japan,Asia Pacific
296288,2020,Otsuka Holdings Co Ltd,Tokyo,JPN,35,50,Japan,Asia Pacific
160709,2020,Ping An Insurance Group Co of China Ltd,Shenzhen,CHN,40,21,China,Asia Pacific
356377,2020,Rakuten Bank Ltd,Tokyo,JPN,40,17,Japan,Asia Pacific
271034,2020,Mizuho Leasing Co Ltd,Tokyo,JPN,40,6,Japan,Asia Pacific
242218,2020,SBI Holdings Inc,Tokyo,JPN,40,3,Japan,Asia Pacific
10137,2020,Sumitomo Mitsui Financial Group Inc,Tokyo,JPN,40,2,Japan,Asia Pacific
207933,2020,Hanwha General Insurance Co Ltd,Seoul,KOR,40,2,South Korea,Asia Pacific
212856,2020,Macquarie Group Ltd,Sydney,AUS,40,2,Australia,Asia Pacific
223068,2020,Piramal Enterprises Limited,Mumbai,IND,40,2,India,Asia Pacific
241904,2020,Singapore Exchange Limited,Singapore,SGP,40,2,Singapore,Asia Pacific
15668,2020,Orix Corp,Tokyo,JPN,40,1,Japan,Asia Pacific
104604,2020,Samsung Electronics Co Ltd,Suwon,KOR,45,9267,South Korea,Asia Pacific
2721,2020,Canon Inc,Tokyo,JPN,45,3797,Japan,Asia Pacific
201395,2020,Taiwan Semiconductor Manufacturing Co Ltd,Hsinchu City,TWN,45,2850,Taiwan,Asia Pacific
242058,2020,Boe Technology Group Co Ltd,Beijing,CHN,45,2155,China,Asia Pacific
257018,2020,Seiko Epson Corp,Suwa,JPN,45,1343,Japan,Asia Pacific
18467,2020,Fujitsu Ltd,Tokyo,JPN,45,1129,Japan,Asia Pacific
160739,2020,LG Display Co Ltd,Seoul,KOR,45,1008,South Korea,Asia Pacific
7652,2020,Nec Corp,Tokyo,JPN,45,1003,Japan,Asia Pacific
4925,2020,Fujifilm Holdings Corp,Tokyo,JPN,45,1002,Japan,Asia Pacific
9135,2020,Ricoh Co Ltd,Tokyo,JPN,45,982,Japan,Asia Pacific
270615,2020,Tencent Holdings LTD,Shenzhen,CHN,50,625,China,Asia Pacific
164532,2020,Baidu Inc,Beijing,CHN,50,392,China,Asia Pacific
7908,2020,Nippon Telegraph and Telephone Corporation,Tokyo,JPN,50,326,Japan,Asia Pacific
102450,2020,Nintendo Co Ltd,Kyoto,JPN,50,155,Japan,Asia Pacific
133104,2020,KT Corporation,Seongnam-si,KOR,50,116,South Korea,Asia Pacific
203480,2020,SK Telecom Co Ltd,Seoul,KOR,50,99,South Korea,Asia Pacific
290702,2020,GREE Holdings Inc,Tokyo,JPN,50,69,Japan,Asia Pacific
200595,2020,Konami Group Corporation,Tokyo,JPN,50,51,Japan,Asia Pacific
204222,2020,Softbank Group Corp,Tokyo,JPN,50,51,Japan,Asia Pacific
255244,2020,NAVER Corp,Seongnam-si,KOR,50,40,South Korea,Asia Pacific
30874,2020,Korea Electric Power Corp,Naju-Si,KOR,55,26,South Korea,Asia Pacific
100846,2020,Osaka Gas Co Ltd,Osaka,JPN,55,9,Japan,Asia Pacific
100439,2020,Chugoku Electric Power Co Inc,Hiroshima,JPN,55,6,Japan,Asia Pacific
100688,2020,Tokyo Electric Power Co Holdings Inc,Chiyoda,JPN,55,6,Japan,Asia Pacific
100302,2020,Kansai Electric Power Co Inc,Osaka,JPN,55,3,Japan,Asia Pacific
100848,2020,Tokyo Gas Co Ltd,Tokyo,JPN,55,3,Japan,Asia Pacific
206877,2020,China Resources Gas Group Ltd,Wan Chai,HKG,55,3,"Hong Kong, SAR China",Asia Pacific
293536,2020,China Longyuan Power Group Corp Ltd,Beijing,CHN,55,3,China,Asia Pacific
318770,2020,CGN Power Co Ltd,Shenzhen,CHN,55,3,China,Asia Pacific
239856,2020,Korea Gas Corp,Daegu,KOR,55,2,South Korea,Asia Pacific
242644,2020,Sunland Group Ltd Sdg,Surfers Paradise,AUS,60,13,Australia,Asia Pacific
200477,2020,Peking University Resources (Holdings) Co Ltd,Causeway Bay,HKG,60,12,"Hong Kong, SAR China",Asia Pacific
259184,2020,SC Asset Corp Public Co Ltd,Bangkok,THA,60,6,Thailand,Asia Pacific
251309,2020,Cred Holding Co Ltd,Beijing,CHN,60,3,China,Asia Pacific
100436,2020,Daikyo Inc,Tokyo,JPN,60,2,Japan,Asia Pacific
202467,2020,Sankyo Frontier Co Ltd,Kashiwa,JPN,60,2,Japan,Asia Pacific
17830,2020,Daiwa House Industry Co Ltd,Osaka,JPN,60,1,Japan,Asia Pacific
19083,2020,New World Development Co Ltd,Central,HKG,60,1,"Hong Kong, SAR China",Asia Pacific
142757,2020,Talent Property Group Ltd,Tsim Sha Tsui,HKG,60,1,"Hong Kong, SAR China",Asia Pacific
201897,2020,Jalco Holdings Inc,Tokyo,JPN,60,1,Japan,Asia Pacific
202875,2020,KDK Corp,Kyoto,JPN,NA,28,Japan,Asia Pacific
321386,2020,Suntory Holdings Ltd,Tokyo,JPN,NA,26,Japan,Asia Pacific
332577,2020,Supernet Technologies Ltd,Karachi,PAK,NA,9,Pakistan,Asia Pacific
343791,2020,ThroughTek Co Ltd,Taipei,TWN,NA,3,Taiwan,Asia Pacific
346454,2020,Qbic Technology Co Ltd,New Taipei City,TWN,NA,1,Taiwan,Asia Pacific
24625,2020,TotalEnergies SE,Courbevoie,FRA,10,153,France,Europe
216613,2020,TGS ASA,Oslo,NOR,10,49,Norway,Europe
220546,2020,Equinor ASA,Stavanger,NOR,10,38,Norway,Europe
102983,2020,Viridien Societe anonyme,Massy,FRA,10,32,France,Europe
61616,2020,Eni SpA,Rome,ITA,10,30,Italy,Europe
101083,2020,Saipem SpA,Milan,ITA,10,26,Italy,Europe
2410,2020,BP plc,London,GBR,10,19,United Kingdom,Europe
272746,2020,Neste OYJ,Espoo,FIN,10,18,Finland,Europe
270267,2020,Akastor ASA,Baerum,NOR,10,16,Norway,Europe
12384,2020,Shell Plc,London,GBR,10,15,United Kingdom,Europe
17436,2020,BASF SE,Ludwigshafen am Rhein,DEU,15,523,Germany,Europe
277043,2020,Arkema,Colombes,FRA,15,165,France,Europe
241216,2020,"Syngenta AG, Basel",Basel,CHE,15,164,Switzerland,Europe
102454,2020,DSM Firmenich AG,Kaiseraugst,CHE,15,162,Switzerland,Europe
295421,2020,Evonik Industries AG,Essen,DEU,15,150,Germany,Europe
103176,2020,thyssenkrupp AG,Essen,DEU,15,146,Germany,Europe
320448,2020,Covestro AG,Leverkusen,DEU,15,122,Germany,Europe
241336,2020,Novonesis A/S,Bagsvaerd,DNK,15,117,Denmark,Europe
101394,2020,"Solvay SA, Bruxelles",Brussels,BEL,15,108,Belgium,Europe
25124,2020,Linde Plc,Woking,GBR,15,99,United Kingdom,Europe
19349,2020,Siemens AG,Munich,DEU,20,724,Germany,Europe
220833,2020,Airbus SE,Leiden,NLD,20,557,Netherlands,Europe
101305,2020,Safran SA,Paris,FRA,20,544,France,Europe
100499,2020,Rolls Royce Holdings PLC,London,GBR,20,538,United Kingdom,Europe
4199,2020,Eaton Corporation plc,Dublin,IRL,20,459,Ireland,Europe
295786,2020,CNH Industrial N V,Basildon,GBR,20,427,United Kingdom,Europe
210418,2020,ABB Ltd,Zurich,CHE,20,386,Switzerland,Europe
321698,2020,Signify NV,Eindhoven,NLD,20,370,Netherlands,Europe
13556,2020,Thales SA,Meudon,FRA,20,237,France,Europe
315541,2020,Osram Licht AG,Munich,DEU,20,233,Germany,Europe
100737,2020,Volkswagen AG,Wolfsburg,DEU,25,729,Germany,Europe
100609,2020,Continental AG,Hanover,DEU,25,457,Germany,Europe
100022,2020,Bayerische Motoren Werke Aktiengesellschaft,Munich,DEU,25,431,Germany,Europe
27333,2020,Adient plc,Dublin,IRL,25,269,Ireland,Europe
102523,2020,Valeo SE,Paris,FRA,25,255,France,Europe
320124,2020,Schaeffler AG,Herzogenaurach,DEU,25,248,Germany,Europe
102299,2020,Forvia SE,Nanterre,FRA,25,224,France,Europe
101277,2020,Compagnie Generale des Etablissements Michelin Societe en commandite par actions,Clermont-Ferrand,FRA,25,195,France,Europe
101276,2020,Stellantis NV,Hoofddorp,NLD,25,168,Netherlands,Europe
245918,2020,International Game Technology PLC,London,GBR,25,147,United Kingdom,Europe
100581,2020,LOreal SA,Clichy,FRA,30,234,France,Europe
101942,2020,Henkel AG & Co KGaA,Dusseldorf,DEU,30,219,Germany,Europe
16603,2020,"Nestle SA, Cham Und Vevey",Vevey,CHE,30,159,Switzerland,Europe
10846,2020,Unilever PLC,London,GBR,30,94,United Kingdom,Europe
324770,2020,Essity Aktiebolag,Stockholm,SWE,30,58,Sweden,Europe
1932,2020,British American Tobacco PLC,London,GBR,30,54,United Kingdom,Europe
100083,2020,Beiersdorf AG,Hamburg,DEU,30,45,Germany,Europe
212773,2020,Imperial Brands PLC,Bristol,GBR,30,32,United Kingdom,Europe
295113,2020,Ocado Group PLC,Hatfield,GBR,30,27,United Kingdom,Europe
312871,2020,DE Master Blenders 1753 NV,Amsterdam,NLD,30,23,Netherlands,Europe
8546,2020,Koninklijke Philips NV,Amsterdam,NLD,35,1176,Netherlands,Europe
100080,2020,Bayer AG,Leverkusen,DEU,35,708,Germany,Europe
326765,2020,Siemens Healthineers AG,Forchheim,DEU,35,680,Germany,Europe
25648,2020,Roche Holding AG,Basel,CHE,35,502,Switzerland,Europe
101204,2020,Sanofi,Paris,FRA,35,246,France,Europe
101317,2020,Smith & Nephew PLC,Watford,GBR,35,184,United Kingdom,Europe
101310,2020,Novartis AG,Basel,CHE,35,167,Switzerland,Europe
212782,2020,Fresenius Medical Care AG,Bad Homburg,DEU,35,135,Germany,Europe
36700,2020,Immatics NV,Tubingen,DEU,35,130,Germany,Europe
101248,2020,EssilorLuxottica Societe anonyme,Paris,FRA,35,119,France,Europe
3221,2020,Aon plc,Dublin,IRL,40,12,Ireland,Europe
246706,2020,London Stock Exchange Group PLC,London,GBR,40,12,United Kingdom,Europe
21408,2020,Groupe Bruxelles Lambert SA,Brussels,BEL,40,6,Belgium,Europe
278557,2020,Touchstone Innovations Plc,London,GBR,40,6,United Kingdom,Europe
63546,2020,"Schweizerische Rueckversicherungs-Gesellschaft, Zuerich",Zurich,CHE,40,4,Switzerland,Europe
12673,2020,Barclays PLC,London,GBR,40,3,United Kingdom,Europe
15509,2020,HSBC Holdings PLC,London,GBR,40,3,United Kingdom,Europe
15576,2020,Deutsche Bank AG,Frankfurt am Main,DEU,40,3,Germany,Europe
15671,2020,Skandinaviska Enskilda Banken Ab,Stockholm,SWE,40,3,Sweden,Europe
15724,2020,Allianz SE,Munich,DEU,40,2,Germany,Europe
4439,2020,Telefonaktiebolaget LM Ericsson (publ),Stockholm,SWE,45,1401,Sweden,Europe
132740,2020,Infineon Technologies AG,Neubiberg,DEU,45,850,Germany,Europe
103487,2020,SAP SE,Walldorf,DEU,45,730,Germany,Europe
23671,2020,Nokia OYJ,Espoo,FIN,45,702,Finland,Europe
184725,2020,NXP Semiconductors NV,Eindhoven,NLD,45,653,Netherlands,Europe
31142,2020,STMicroelectronics NV,Schiphol,NLD,45,647,Netherlands,Europe
43285,2020,Arm Holdings plc,Cambridge,GBR,45,425,United Kingdom,Europe
61214,2020,ASML Holding NV,Veldhoven,NLD,45,311,Netherlands,Europe
177267,2020,TE Connectivity plc,Ballybrit,IRL,45,301,Ireland,Europe
143357,2020,Accenture PLC,Dublin,IRL,45,296,Ireland,Europe
14605,2020,WPP PLC,London,GBR,50,139,United Kingdom,Europe
220940,2020,Orange SA,Issy-les-Moulineaux,FRA,50,125,France,Europe
2411,2020,BT Group PLC,London,GBR,50,83,United Kingdom,Europe
33175,2020,Spotify Technology SA,Luxembourg City,LUX,50,66,Luxembourg,Europe
221616,2020,Deutsche Telekom AG,Bonn,DEU,50,35,Germany,Europe
61440,2020,Koninklijke Kpn NV,Rotterdam,NLD,50,27,Netherlands,Europe
19151,2020,Telecom Italia SPA,Rome,ITA,50,25,Italy,Europe
14894,2020,Vodafone Group Public Limited Company,Newbury,GBR,50,17,United Kingdom,Europe
114927,2020,"Swisscom AG, Ittigen",Bern,CHE,50,14,Switzerland,Europe
220579,2020,Telia Company AB (publ),Solna,SWE,50,12,Sweden,Europe
220920,2020,EDF,Paris,FRA,55,31,France,Europe
238616,2020,Veolia Environnement SA,Paris,FRA,55,20,France,Europe
100590,2020,E.ON SE,Essen,DEU,55,17,Germany,Europe
213423,2020,Centrica PLC,Windsor,GBR,55,15,United Kingdom,Europe
220942,2020,Engie SA,Courbevoie,FRA,55,11,France,Europe
289259,2020,Vigie SA,Paris,FRA,55,7,France,Europe
222333,2020,Vattenfall,Solna,SWE,55,1,Sweden,Europe
225597,2020,Fortum Oyj,Espoo,FIN,55,1,Finland,Europe
244394,2020,"Mvv Energie AG, Mannheim",Mannheim,DEU,55,1,Germany,Europe
269554,2020,C.N. Transelectrica SA,Bucharest,ROU,55,1,Romania,Europe
210446,2020,MRM Sa,Paris,FRA,60,2,France,Europe
202242,2020,A. Friedr. Flender GmbH,Bocholt,DEU,NA,13,Germany,Europe
211865,2020,Suunto Oy,Vantaa,FIN,NA,12,Finland,Europe
4099,2020,Dunlop Holdings PLC,LONDON,GBR,NA,1,United Kingdom,Europe
204389,2020,Bridport PLC,Somerset,GBR,NA,1,United Kingdom,Europe
223534,2020,Norbain PLC,Wokingham,GBR,NA,1,United Kingdom,Europe
318761,2020,EuroChem Group AG,Zug,CHE,NA,1,Switzerland,Europe
340176,2020,Duality S A,Warsaw,POL,NA,1,Poland,Europe
342386,2020,Cosma S A,Krakow,POL,NA,1,Poland,Europe
347021,2020,Genomtec S.A.,Wroclaw,POL,NA,1,Poland,Europe
5439,2020,Halliburton Co,Houston,USA,10,828,United States,North America
9465,2020,Schlumberger Ltd,Houston,USA,10,611,United States,North America
4503,2020,Exxon Mobil Corp,Spring,USA,10,368,United States,North America
4367,2020,Weatherford International plc,Houston,USA,10,124,United States,North America
9653,2020,Shell Oil Co,Houston,USA,10,118,United States,North America
63892,2020,NOV Inc,Houston,USA,10,95,United States,North America
2991,2020,Chevron Corp,San Ramon,USA,10,92,United States,North America
1976,2020,Baker Hughes Inc,Houston,USA,10,72,United States,North America
8549,2020,Conocophillips,Houston,USA,10,67,United States,North America
1661,2020,Nabors Industries Ltd,Hamilton,BMU,10,55,Bermuda,North America
34443,2020,Dow Inc,Midland,USA,15,384,United States,North America
35168,2020,Corteva Inc,Indianapolis,USA,15,349,United States,North America
4213,2020,Ecolab Inc.,Saint Paul,USA,15,196,United States,North America
4060,2020,DuPont  De Nemours Inc,Wilmington,USA,15,133,United States,North America
8247,2020,PPG Industries Inc.,Pittsburgh,USA,15,81,United States,North America
29392,2020,Eastman Chemical Co,Kingsport,USA,15,80,United States,North America
148210,2020,Chevron Phillips Chemical Co LLC,The Woodlands,USA,15,77,United States,North America
1913,2020,Avery Dennison Corp,Mentor,USA,15,76,United States,North America
4087,2020,E. I. du Pont de Nemours and Co,Indianapolis,USA,15,73,United States,North America
20194,2020,Hauser Inc,Long Beach,USA,15,70,United States,North America
5047,2020,GE Aerospace,Evendale,USA,20,2692,United States,North America
2285,2020,Boeing Co,Arlington,USA,20,1608,United States,North America
10983,2020,RTX Corp,Arlington,USA,20,1530,United States,North America
1300,2020,Honeywell International Inc,Charlotte,USA,20,982,United States,North America
7435,2020,3M Co,Saint Paul,USA,20,766,United States,North America
8972,2020,Raytheon Co.,Waltham,USA,20,678,United States,North America
3835,2020,DEERE & COMPANY,Moline,USA,20,474,United States,North America
10163,2020,Sundstrand Corp,Rockford,USA,20,454,United States,North America
2817,2020,Caterpillar Inc,Irving,USA,20,435,United States,North America
5878,2020,Illinois Tool Works Inc.,Glenview,USA,20,397,United States,North America
64768,2020,Amazon.com Inc,Seattle,USA,25,2512,United States,North America
4839,2020,Ford Motor Co,Dearborn,USA,25,2310,United States,North America
7906,2020,NIKE Inc,Beaverton,USA,25,1085,United States,North America
5073,2020,General Motors Co,Detroit,USA,25,893,United States,North America
11465,2020,Whirlpool Corp,Benton Harbor,USA,25,365,United States,North America
6946,2020,Magna International Inc,Aurora,CAN,25,298,Canada,North America
63797,2020,ACNielsen Corp,New York,USA,25,249,United States,North America
114524,2020,eBay Inc.,San Jose,USA,25,244,United States,North America
20644,2020,GoPro Inc,San Mateo,USA,25,211,United States,North America
33767,2020,Sonos Inc,Santa Barbara,USA,25,209,United States,North America
8762,2020,Procter & Gamble Co (The),Cincinnati,USA,30,783,United States,North America
11259,2020,Walmart Inc,Bentonville,USA,30,383,United States,North America
3170,2020,Colgate-Palmolive Co,New York,USA,30,212,United States,North America
8543,2020,Altria Group Inc,Richmond,USA,30,201,United States,North America
179621,2020,Philip Morris International Inc,Stamford,USA,30,161,United States,North America
6435,2020,Kimberly-Clark Corp,Dallas,USA,30,110,United States,North America
3813,2020,Target Corp,Minneapolis,USA,30,94,United States,North America
8479,2020,PepsiCo Inc,Purchase,USA,30,82,United States,North America
11670,2020,Spectrum Brands Holdings Inc,Middleton,USA,30,79,United States,North America
148276,2020,Land O'Lakes Inc.,Arden Hills,USA,30,70,United States,North America
6266,2020,Johnson & Johnson,New Brunswick,USA,35,1484,United States,North America
7228,2020,Medtronic PLC,Galway,USA,35,1351,United States,North America
25279,2020,Boston Scientific Corp,Marlborough,USA,35,633,United States,North America
2111,2020,Becton Dickinson and Co,Franklin Lakes,USA,35,508,United States,North America
1078,2020,Abbott Laboratories,North Chicago,USA,35,504,United States,North America
10115,2020,Stryker Corp,Portage,USA,35,477,United States,North America
7257,2020,Merck & Co Inc,Rahway,USA,35,347,United States,North America
136725,2020,Intuitive Surgical Inc,Sunnyvale,USA,35,217,United States,North America
171002,2020,Globus Medical Inc,Audubon,USA,35,213,United States,North America
133366,2020,Edwards Lifesciences Corp,Irvine,USA,35,190,United States,North America
30990,2020,Capital One Financial Corp,McLean,USA,40,770,United States,North America
7647,2020,Bank of America Corp,Charlotte,USA,40,443,United States,North America
160225,2020,Mastercard Inc,Purchase,USA,40,322,United States,North America
24616,2020,PayPal Holdings Inc,San Jose,USA,40,310,United States,North America
122594,2020,State Farm Insurance,Bloomington,USA,40,310,United States,North America
8007,2020,Wells Fargo & Co,San Francisco,USA,40,282,United States,North America
122554,2020,United Services Auto Assn,San Antonio,USA,40,266,United States,North America
179534,2020,Visa Inc,San Francisco,USA,40,238,United States,North America
2176,2020,Berkshire Hathaway Inc,Omaha,USA,40,211,United States,North America
28349,2020,The Allstate Corporation,Northbrook,USA,40,151,United States,North America
6066,2020,International Business Machines Corp,Armonk,USA,45,9391,United States,North America
6008,2020,Intel Corp,Santa Clara,USA,45,3225,United States,North America
1690,2020,Apple Inc,Cupertino,USA,45,3190,United States,North America
12141,2020,Microsoft Corp,Redmond,USA,45,3124,United States,North America
24800,2020,QUALCOMM Inc.,San Diego,USA,45,2299,United States,North America
14489,2020,Dell Technologies Inc,Round Rock,USA,45,1998,United States,North America
7343,2020,Micron Technology Inc.,Boise,USA,45,1546,United States,North America
20779,2020,Cisco Systems Inc,San Jose,USA,45,1374,United States,North America
10499,2020,Texas Instruments Inc,Dallas,USA,45,1150,United States,North America
5606,2020,HP Inc,Palo Alto,USA,45,1077,United States,North America
160329,2020,Alphabet Inc,Mountain View,USA,50,2781,United States,North America
170617,2020,Meta Platforms Inc,Menlo Park,USA,50,1615,United States,North America
9899,2020,AT&T Inc,Dallas,USA,50,1337,United States,North America
2136,2020,Verizon Communications Inc,New York,USA,50,456,United States,North America
17874,2020,T-Mobile US Inc,Bellevue,USA,50,404,United States,North America
3226,2020,Comcast Corp,Philadelphia,USA,50,387,United States,North America
3980,2020,Walt Disney Co (The),Burbank,USA,50,296,United States,North America
2884,2020,Lumen Technologies Inc,Monroe,USA,50,228,United States,North America
30091,2020,Snap Inc,Santa Monica,USA,50,221,United States,North America
146206,2020,DISH DBS Corp,Englewood,USA,50,134,United States,North America
135990,2020,NRG Energy Inc,Houston,USA,55,74,United States,North America
5808,2020,Hydro Quebec,Montreal,CAN,55,12,Canada,North America
4517,2020,NextEra Energy Inc,Juno Beach,USA,55,10,United States,North America
4029,2020,Dominion Energy Inc,Richmond,USA,55,8,United States,North America
3413,2020,Consolidated Edison Inc.,New York,USA,55,5,United States,North America
4093,2020,Duke Energy Corp,Charlotte,USA,55,5,United States,North America
7904,2020,Nicor Inc.,Naperville,USA,55,4,United States,North America
65090,2020,San Diego Gas & Electric Co,San Diego,USA,55,4,United States,North America
8264,2020,PG&E Corp,Oakland,USA,55,3,United States,North America
11304,2020,Avista Corp,Spokane,USA,55,3,United States,North America
138743,2020,Equinix Inc,Redwood City,USA,60,27,United States,North America
187039,2020,Zillow Group Inc,Seattle,USA,60,16,United States,North America
112111,2020,CoStar Group Inc,Washington,USA,60,15,United States,North America
33433,2020,WeWork Inc,New York,USA,60,4,United States,North America
39357,2020,Doma Holdings Inc,San Francisco,USA,60,2,United States,North America
65108,2020,Jones Lang LaSalle Inc,Chicago,USA,60,2,United States,North America
20344,2020,Washington Prime Group Inc,Columbus,USA,60,1,United States,North America
24533,2020,National Health Investors Inc.,Murfreesboro,USA,60,1,United States,North America
62374,2020,Iron Mountain Inc,Portsmouth,USA,60,1,United States,North America
113490,2020,Crown Castle Inc,Houston,USA,60,1,United States,North America
2789,2020,Carrier Corp,Palm Beach Gardens,USA,NA,169,United States,North America
8198,2020,Otis Elevator Co,Farmington,USA,NA,169,United States,North America
10811,2020,UOP Inc,Des Plaines,USA,NA,157,United States,North America
6491,2020,Kohler Co,Kohler,USA,NA,154,United States,North America
7224,2020,Medline Industries Inc,Northfield,USA,NA,105,United States,North America
5367,2020,Guardian Industries,Auburn Hills,USA,NA,56,United States,North America
9239,2020,Rosemount Inc,Chanhassen,USA,NA,42,United States,North America
2910,2020,Chamberlain Manufacturing Co,Chicago,USA,NA,22,United States,North America
2216,2020,Binney & Smith Inc,Easton,USA,NA,17,United States,North America
7089,2020,Masonite Corp,Tampa,USA,NA,17,United States,North America
213479,2020,TotalEnergies Marketing Kenya PLC,Nairobi,KEN,10,31,Kenya,Other
28520,2020,Ypf Sociedad Anonima Yacimientos Petroliferos Fiscales,Buenos Aires,ARG,10,6,Argentina,Other
222111,2020,Petroleo Brasileiro S.A.- Petrobras,Rio De Janeiro,BRA,10,3,Brazil,Other
200499,2020,Vallourec & Mannesmann Tubes,Belo Horizonte,BRA,15,10,Brazil,Other
100465,2020,Sasol Ltd,Johannesburg,ZAF,15,9,South Africa,Other
200976,2020,Braskem SA,Sao Paulo,BRA,15,9,Brazil,Other
209382,2020,Vale SA,Rio De Janeiro,BRA,15,6,Brazil,Other
204440,2020,Makhteshim Agan Industries Ltd,Jingzhou,ISR,15,5,Israel,Other
220211,2020,ICL GROUP LTD,Tel Aviv,ISR,15,4,Israel,Other
213311,2020,Evora SA,Porto Alegre,BRA,15,2,Brazil,Other
102422,2020,Sappi Ltd,Johannesburg,ZAF,15,1,South Africa,Other
200512,2020,Suzano SA,Salvador,BRA,15,1,Brazil,Other
201095,2020,Grupo Argos SA,Medellin,COL,15,1,Colombia,Other
65380,2020,Elbit Systems Ltd,Haifa,ISR,20,31,Israel,Other
213288,2020,Embraer SA,Sao Paulo,BRA,20,15,Brazil,Other
289223,2020,Alaris Holdings Ltd,Centurion,ZAF,20,15,South Africa,Other
213287,2020,Embraco SA,Joinville,BRA,20,12,Brazil,Other
222123,2020,Odebrecht SA,Salvador,BRA,20,8,Brazil,Other
23243,2020,Kornit Digital Ltd,Rosh Haayin,ISR,20,6,Israel,Other
346647,2020,Phinergy Ltd,Lod,ISR,20,6,Israel,Other
300107,2020,Nano Dimension Ltd,Ness Ziona,ISR,20,3,Israel,Other
345709,2020,Highcon Systems Ltd,Yavne,ISR,20,3,Israel,Other
350205,2020,Rav-Bariach (08) Industries Ltd,Ashkelon,ISR,20,3,Israel,Other
206059,2020,Naspers Ltd,Cape Town,ZAF,25,14,South Africa,Other
275668,2020,Maytronics Ltd,Jezreel Valley,ISR,25,13,Israel,Other
205128,2020,Mahle-Metal Leve Sa,Mogi Guacu,BRA,25,10,Brazil,Other
297402,2020,Tadiran Group Ltd,Petah Tikva,ISR,25,7,Israel,Other
41640,2020,Mobileye Global Inc,Jerusalem,ISR,25,3,Israel,Other
271218,2020,Grendene SA,Sobral,BRA,25,3,Brazil,Other
285100,2020,Raval ACS Ltd,Beersheba,ISR,25,2,Israel,Other
38645,2020,Global-E Online Ltd,Petah Tikva,ISR,25,1,Israel,Other
224604,2020,Delta Galil Industries Ltd,Caesarea,ISR,25,1,Israel,Other
270509,2020,Natura &Co Holding SA,Sao Paulo,BRA,30,8,Brazil,Other
313254,2020,Hortifrut S.A.,Santiago,CHL,30,4,Chile,Other
295237,2020,Tereos Internacional SA,Sao Paulo,BRA,30,3,Brazil,Other
23290,2020,Strauss Group Ltd,Petah Tikva,ISR,30,1,Israel,Other
35355,2020,Else Nutrition Holdings Inc,Tel Aviv,ISR,30,1,Israel,Other
285188,2020,Marfrig Global Foods SA,Sao Paulo,BRA,30,1,Brazil,Other
14538,2020,Teva Pharmaceutical Industries Ltd,Tel Aviv,ISR,35,24,Israel,Other
286396,2020,Evogene Ltd,Rehovot,ISR,35,17,Israel,Other
32897,2020,Sol Gel Technologies Ltd,Ness Ziona,ISR,35,5,Israel,Other
160902,2020,Syneron Medical Ltd,Yokneam Illit,ISR,35,5,Israel,Other
275799,2020,Xylo Technologies Ltd,Tel Aviv,ISR,35,5,Israel,Other
152008,2020,Pluri Inc,Haifa,ISR,35,4,Israel,Other
296885,2020,Redhill Biopharma Ltd,Tel Aviv,ISR,35,4,Israel,Other
350000,2020,Hodayat Haaretz Ltd,Tel Aviv,ISR,35,4,Israel,Other
19845,2020,Lumenis Ltd,Yokne'am,ISR,35,3,Israel,Other
22676,2020,Check-Cap Ltd,Isfiya,ISR,35,3,Israel,Other
209957,2020,Boe Ltd,Cape Town,ZAF,40,239,South Africa,Other
321213,2020,United Investment Ltd,Port Louis,MUS,40,2,Mauritius,Other
240228,2020,Discovery Ltd,Johannesburg,ZAF,40,1,South Africa,Other
279157,2020,Ecobank Transnational Inc,Lome,TGO,40,1,Togo,Other
61902,2020,NICE Ltd,Ra'anana,ISR,45,39,Israel,Other
21002,2020,CyberArk Software Ltd,Petah Tikva,ISR,45,36,Israel,Other
23119,2020,SolarEdge Technologies Inc,Herzliya,ISR,45,35,Israel,Other
133905,2020,Nova Ltd,Rehovot,ISR,45,14,Israel,Other
18869,2020,Wix.com Ltd,Tel Aviv,ISR,45,13,Israel,Other
125074,2020,Radware Ltd,Tel Aviv,ISR,45,13,Israel,Other
31255,2020,Tower Semiconductor Ltd,Migdal Haemek,ISR,45,12,Israel,Other
39786,2020,Valens Semiconductor Ltd,Hod Hasharon,ISR,45,8,Israel,Other
63185,2020,Check Point Software Technologies Ltd,Tel Aviv,ISR,45,8,Israel,Other
28236,2020,Gilat Satellite Networks Ltd,Petah Tikva,ISR,45,6,Israel,Other
317637,2020,Nexxen International Ltd,Tel Aviv-Yafo,ISR,50,6,Israel,Other
37752,2020,Playtika Holding Corp,Herzliya Pituach,ISR,50,2,Israel,Other
211655,2020,MTN Group Ltd,Johannesburg,ZAF,50,1,South Africa,Other
275787,2020,Light SA,Rio De Janeiro,BRA,55,1,Brazil,Other
271561,2020,Norstar Holdings Inc,Panama City,ISR,60,1,Israel,Other
317586,2020,OCP S.A.,Casablanca,MAR,NA,3,Morocco,Other
350653,2020,Tondo Smart Ltd,Or Yehuda,ISR,NA,1,Israel,Other
334426,2021,Saudi Arabian Oil Company,Dhahran,SAU,10,875,Saudi Arabia,Asia Pacific
279449,2021,Idemitsu Kosan Co Ltd,Tokyo,JPN,10,97,Japan,Asia Pacific
285205,2021,SK Innovation Co Ltd,Seoul,KOR,10,58,South Korea,Asia Pacific
140756,2021,CHINA PETROLEUM & CHEMICAL CORPORATION,Beijing,CHN,10,47,China,Asia Pacific
133870,2021,PetroChina Company Limited,Beijing,CHN,10,38,China,Asia Pacific
100158,2021,ENEOS Holdings Inc,Tokyo,JPN,10,28,Japan,Asia Pacific
207074,2021,Reliance Industries Ltd,Mumbai,IND,10,25,India,Asia Pacific
212777,2021,Indian Oil Corp Ltd,New Delhi,IND,10,23,India,Asia Pacific
208175,2021,Oil & Natural Gas Corp Ltd,New Delhi,IND,10,11,India,Asia Pacific
293812,2021,Yantai Jereh Oilfield Services Group Co Ltd,Yantai City,CHN,10,10,China,Asia Pacific
245036,2021,Lg Chem Ltd,Seoul,KOR,15,914,South Korea,Asia Pacific
100689,2021,Sumitomo Chemical Co Ltd,Tokyo,JPN,15,216,Japan,Asia Pacific
100155,2021,Nippon Steel Corp,Tokyo,JPN,15,214,Japan,Asia Pacific
100697,2021,Shin-Etsu Chemical Co Ltd,Tokyo,JPN,15,209,Japan,Asia Pacific
100258,2021,Asahi Kasei Corp,Tokyo,JPN,15,202,Japan,Asia Pacific
100724,2021,Toray Industries Inc,Tokyo,JPN,15,193,Japan,Asia Pacific
248963,2021,Saudi Basic Industries Corp,Riyadh,SAU,15,176,Saudi Arabia,Asia Pacific
253738,2021,Jfe Holdings Inc,Tokyo,JPN,15,168,Japan,Asia Pacific
19045,2021,Mitsubishi Chemical Group Corporation,Tokyo,JPN,15,147,Japan,Asia Pacific
100683,2021,Nitto Denko Corp,Osaka,JPN,15,122,Japan,Asia Pacific
10622,2021,Toshiba Corp,Tokyo,JPN,20,1381,Japan,Asia Pacific
19043,2021,Mitsubishi Electric Corp,Tokyo,JPN,20,1314,Japan,Asia Pacific
5650,2021,Hitachi Ltd,Tokyo,JPN,20,1056,Japan,Asia Pacific
100012,2021,Mitsubishi Heavy Industries Ltd,Tokyo,JPN,20,533,Japan,Asia Pacific
100048,2021,Fanuc Corp,Yamanashi,JPN,20,410,Japan,Asia Pacific
221821,2021,Nidec Corporation,Kyoto,JPN,20,309,Japan,Asia Pacific
103409,2021,Techtronic Industries Co Ltd,Kwai Chung,HKG,20,301,"Hong Kong, SAR China",Asia Pacific
102773,2021,Nichias Corp,Tokyo,JPN,20,299,Japan,Asia Pacific
101851,2021,Fuji Electric Co Ltd,Tokyo,JPN,20,269,Japan,Asia Pacific
101138,2021,Daikin Industries Ltd,Osaka,JPN,20,198,Japan,Asia Pacific
251303,2021,Lg Electronics Inc,Seoul,KOR,25,3131,South Korea,Asia Pacific
9818,2021,Sony Group Corporation,Tokyo,JPN,25,2717,Japan,Asia Pacific
19661,2021,Toyota Motor Corp,Toyota,JPN,25,2676,Japan,Asia Pacific
7114,2021,Panasonic Holdings Corporation,Kadoma,JPN,25,1790,Japan,Asia Pacific
104607,2021,Hyundai Motor Co,Seoul,KOR,25,1429,South Korea,Asia Pacific
5691,2021,Honda Motor Co Ltd,Tokyo,JPN,25,1331,Japan,Asia Pacific
104606,2021,Kia Corporation,Seoul,KOR,25,1311,South Korea,Asia Pacific
19112,2021,Denso Corp,Kariya,JPN,25,1099,Japan,Asia Pacific
100699,2021,Sharp Corp,Sakai,JPN,25,980,Japan,Asia Pacific
19413,2021,Sumitomo Electric Industries Ltd,Osaka,JPN,25,738,Japan,Asia Pacific
18715,2021,Kao Corp,Tokyo,JPN,30,129,Japan,Asia Pacific
223528,2021,Japan Tobacco Inc,Tokyo,JPN,30,77,Japan,Asia Pacific
286420,2021,CJ CheilJedang Corp,Seoul,KOR,30,67,South Korea,Asia Pacific
338946,2021,Smoore International Holdings Ltd,Shenzhen,CHN,30,58,China,Asia Pacific
278216,2021,Amorepacific Corp,Seoul,KOR,30,48,South Korea,Asia Pacific
19344,2021,Shiseido Co Ltd,Tokyo,JPN,30,41,Japan,Asia Pacific
322126,2021,OPPLE Lighting Co Ltd,Shanghai,CHN,30,41,China,Asia Pacific
104854,2021,Unicharm Corporation,Tokyo,JPN,30,34,Japan,Asia Pacific
100253,2021,Ajinomoto Co Inc,Tokyo,JPN,30,31,Japan,Asia Pacific
273961,2021,Seven & I Holdings Co Ltd,Tokyo,JPN,30,25,Japan,Asia Pacific
100686,2021,Olympus Corp,Tokyo,JPN,35,548,Japan,Asia Pacific
102146,2021,Terumo Corp,Tokyo,JPN,35,161,Japan,Asia Pacific
354265,2021,Shanghai United Imaging Healthcare Co Ltd,Shanghai,CHN,35,122,China,Asia Pacific
101256,2021,Fisher & Paykel Healthcare Corp Ltd,Auckland,NZL,35,119,New Zealand,Asia Pacific
100718,2021,Takeda Pharmaceutical Co Ltd,Tokyo,JPN,35,84,Japan,Asia Pacific
100433,2021,Hoya Corp,Tokyo,JPN,35,77,Japan,Asia Pacific
212712,2021,Sysmex Corp,Kobe,JPN,35,70,Japan,Asia Pacific
296288,2021,Otsuka Holdings Co Ltd,Tokyo,JPN,35,70,Japan,Asia Pacific
212635,2021,Cochlear Ltd,Sydney,AUS,35,63,Australia,Asia Pacific
350287,2021,PHC Holdings Corporation,Tokyo,JPN,35,50,Japan,Asia Pacific
160709,2021,Ping An Insurance Group Co of China Ltd,Shenzhen,CHN,40,44,China,Asia Pacific
356377,2021,Rakuten Bank Ltd,Tokyo,JPN,40,9,Japan,Asia Pacific
223068,2021,Piramal Enterprises Limited,Mumbai,IND,40,8,India,Asia Pacific
271034,2021,Mizuho Leasing Co Ltd,Tokyo,JPN,40,5,Japan,Asia Pacific
242218,2021,SBI Holdings Inc,Tokyo,JPN,40,4,Japan,Asia Pacific
293294,2021,Shenzhen Asia Link Technology Development Co Ltd,Shenzhen,CHN,40,3,China,Asia Pacific
248136,2021,Mizuho Financial Group Inc,Tokyo,JPN,40,2,Japan,Asia Pacific
293515,2021,Hithink RoyalFlush Information Network Co Ltd,Hangzhou,CHN,40,2,China,Asia Pacific
318207,2021,Pushpay Holdings Ltd,Auckland,NZL,40,2,New Zealand,Asia Pacific
24512,2021,Commonwealth Bank of Australia,Sydney,AUS,40,1,Australia,Asia Pacific
104604,2021,Samsung Electronics Co Ltd,Suwon,KOR,45,9307,South Korea,Asia Pacific
2721,2021,Canon Inc,Tokyo,JPN,45,3512,Japan,Asia Pacific
201395,2021,Taiwan Semiconductor Manufacturing Co Ltd,Hsinchu City,TWN,45,2812,Taiwan,Asia Pacific
242058,2021,Boe Technology Group Co Ltd,Beijing,CHN,45,2142,China,Asia Pacific
257018,2021,Seiko Epson Corp,Suwa,JPN,45,1241,Japan,Asia Pacific
4925,2021,Fujifilm Holdings Corp,Tokyo,JPN,45,1204,Japan,Asia Pacific
204049,2021,SK Hynix Inc,Icheon-Si,KOR,45,982,South Korea,Asia Pacific
7652,2021,Nec Corp,Tokyo,JPN,45,912,Japan,Asia Pacific
100226,2021,Murata Manufacturing Co Ltd,Nagaokakyo,JPN,45,858,Japan,Asia Pacific
18467,2021,Fujitsu Ltd,Tokyo,JPN,45,826,Japan,Asia Pacific
270615,2021,Tencent Holdings LTD,Shenzhen,CHN,50,641,China,Asia Pacific
164532,2021,Baidu Inc,Beijing,CHN,50,525,China,Asia Pacific
7908,2021,Nippon Telegraph and Telephone Corporation,Tokyo,JPN,50,426,Japan,Asia Pacific
102450,2021,Nintendo Co Ltd,Kyoto,JPN,50,119,Japan,Asia Pacific
290702,2021,GREE Holdings Inc,Tokyo,JPN,50,78,Japan,Asia Pacific
203480,2021,SK Telecom Co Ltd,Seoul,KOR,50,77,South Korea,Asia Pacific
133104,2021,KT Corporation,Seongnam-si,KOR,50,65,South Korea,Asia Pacific
204222,2021,Softbank Group Corp,Tokyo,JPN,50,53,Japan,Asia Pacific
214509,2021,LY Corporation,Chiyoda,JPN,50,42,Japan,Asia Pacific
255244,2021,NAVER Corp,Seongnam-si,KOR,50,35,South Korea,Asia Pacific
30874,2021,Korea Electric Power Corp,Naju-Si,KOR,55,22,South Korea,Asia Pacific
100846,2021,Osaka Gas Co Ltd,Osaka,JPN,55,8,Japan,Asia Pacific
293536,2021,China Longyuan Power Group Corp Ltd,Beijing,CHN,55,7,China,Asia Pacific
100439,2021,Chugoku Electric Power Co Inc,Hiroshima,JPN,55,4,Japan,Asia Pacific
239856,2021,Korea Gas Corp,Daegu,KOR,55,4,South Korea,Asia Pacific
100450,2021,Chubu Electric Power Co Inc,Nagoya,JPN,55,2,Japan,Asia Pacific
100688,2021,Tokyo Electric Power Co Holdings Inc,Chiyoda,JPN,55,2,Japan,Asia Pacific
100848,2021,Tokyo Gas Co Ltd,Tokyo,JPN,55,2,Japan,Asia Pacific
216324,2021,Tianjin Development Holdings Ltd,Central,HKG,55,2,"Hong Kong, SAR China",Asia Pacific
318770,2021,CGN Power Co Ltd,Shenzhen,CHN,55,2,China,Asia Pacific
200477,2021,Peking University Resources (Holdings) Co Ltd,Causeway Bay,HKG,60,21,"Hong Kong, SAR China",Asia Pacific
100436,2021,Daikyo Inc,Tokyo,JPN,60,7,Japan,Asia Pacific
242644,2021,Sunland Group Ltd Sdg,Surfers Paradise,AUS,60,4,Australia,Asia Pacific
259184,2021,SC Asset Corp Public Co Ltd,Bangkok,THA,60,2,Thailand,Asia Pacific
17830,2021,Daiwa House Industry Co Ltd,Osaka,JPN,60,1,Japan,Asia Pacific
100918,2021,LendLease Group,Barangaroo,AUS,60,1,Australia,Asia Pacific
103287,2021,Shun Tak Holdings Ltd,Central,HKG,60,1,"Hong Kong, SAR China",Asia Pacific
206883,2021,Mercurius Capital Investment Ltd,Singapore,SGP,60,1,Singapore,Asia Pacific
247043,2021,Raysum Co Ltd,Tokyo,JPN,60,1,Japan,Asia Pacific
260419,2021,Tosei Corp,Tokyo,JPN,60,1,Japan,Asia Pacific
321386,2021,Suntory Holdings Ltd,Tokyo,JPN,NA,22,Japan,Asia Pacific
202875,2021,KDK Corp,Kyoto,JPN,NA,16,Japan,Asia Pacific
332577,2021,Supernet Technologies Ltd,Karachi,PAK,NA,5,Pakistan,Asia Pacific
206098,2021,Wako Electric Co Ltd,Tsukubamirai,JPN,NA,2,Japan,Asia Pacific
343415,2021,Sync Power Corp,Taipei,TWN,NA,2,Taiwan,Asia Pacific
343791,2021,ThroughTek Co Ltd,Taipei,TWN,NA,2,Taiwan,Asia Pacific
320661,2021,Glac Biotech Co Ltd,Tainan,TWN,NA,1,Taiwan,Asia Pacific
24625,2021,TotalEnergies SE,Courbevoie,FRA,10,132,France,Europe
216613,2021,TGS ASA,Oslo,NOR,10,34,Norway,Europe
220546,2021,Equinor ASA,Stavanger,NOR,10,31,Norway,Europe
61616,2021,Eni SpA,Rome,ITA,10,26,Italy,Europe
2410,2021,BP plc,London,GBR,10,22,United Kingdom,Europe
272746,2021,Neste OYJ,Espoo,FIN,10,19,Finland,Europe
101083,2021,Saipem SpA,Milan,ITA,10,16,Italy,Europe
317929,2021,Magseis Fairfield ASA,Lysaker,NOR,10,16,Norway,Europe
102983,2021,Viridien Societe anonyme,Massy,FRA,10,14,France,Europe
12384,2021,Shell Plc,London,GBR,10,12,United Kingdom,Europe
17436,2021,BASF SE,Ludwigshafen am Rhein,DEU,15,490,Germany,Europe
102454,2021,DSM Firmenich AG,Kaiseraugst,CHE,15,145,Switzerland,Europe
241216,2021,"Syngenta AG, Basel",Basel,CHE,15,144,Switzerland,Europe
277043,2021,Arkema,Colombes,FRA,15,135,France,Europe
320448,2021,Covestro AG,Leverkusen,DEU,15,114,Germany,Europe
295421,2021,Evonik Industries AG,Essen,DEU,15,105,Germany,Europe
101202,2021,L'Air Liquide SA,Paris,FRA,15,104,France,Europe
103176,2021,thyssenkrupp AG,Essen,DEU,15,100,Germany,Europe
101394,2021,"Solvay SA, Bruxelles",Brussels,BEL,15,99,Belgium,Europe
241336,2021,Novonesis A/S,Bagsvaerd,DNK,15,94,Denmark,Europe
19349,2021,Siemens AG,Munich,DEU,20,593,Germany,Europe
100499,2021,Rolls Royce Holdings PLC,London,GBR,20,518,United Kingdom,Europe
101305,2021,Safran SA,Paris,FRA,20,491,France,Europe
220833,2021,Airbus SE,Leiden,NLD,20,469,Netherlands,Europe
4199,2021,Eaton Corporation plc,Dublin,IRL,20,371,Ireland,Europe
321698,2021,Signify NV,Eindhoven,NLD,20,328,Netherlands,Europe
210418,2021,ABB Ltd,Zurich,CHE,20,287,Switzerland,Europe
295786,2021,CNH Industrial N V,Basildon,GBR,20,262,United Kingdom,Europe
315541,2021,Osram Licht AG,Munich,DEU,20,243,Germany,Europe
6268,2021,Johnson Controls International Plc,Cork,IRL,20,220,Ireland,Europe
100737,2021,Volkswagen AG,Wolfsburg,DEU,25,813,Germany,Europe
100022,2021,Bayerische Motoren Werke Aktiengesellschaft,Munich,DEU,25,416,Germany,Europe
100609,2021,Continental AG,Hanover,DEU,25,342,Germany,Europe
320124,2021,Schaeffler AG,Herzogenaurach,DEU,25,248,Germany,Europe
27333,2021,Adient plc,Dublin,IRL,25,238,Ireland,Europe
102299,2021,Forvia SE,Nanterre,FRA,25,224,France,Europe
102523,2021,Valeo SE,Paris,FRA,25,204,France,Europe
101347,2021,Swatch Group AG,Biel/Bienne,CHE,25,196,Switzerland,Europe
101277,2021,Compagnie Generale des Etablissements Michelin Societe en commandite par actions,Clermont-Ferrand,FRA,25,164,France,Europe
245918,2021,International Game Technology PLC,London,GBR,25,144,United Kingdom,Europe
101942,2021,Henkel AG & Co KGaA,Dusseldorf,DEU,30,234,Germany,Europe
100581,2021,LOreal SA,Clichy,FRA,30,231,France,Europe
16603,2021,"Nestle SA, Cham Und Vevey",Vevey,CHE,30,128,Switzerland,Europe
10846,2021,Unilever PLC,London,GBR,30,84,United Kingdom,Europe
324770,2021,Essity Aktiebolag,Stockholm,SWE,30,75,Sweden,Europe
1932,2021,British American Tobacco PLC,London,GBR,30,58,United Kingdom,Europe
212773,2021,Imperial Brands PLC,Bristol,GBR,30,42,United Kingdom,Europe
295113,2021,Ocado Group PLC,Hatfield,GBR,30,28,United Kingdom,Europe
100083,2021,Beiersdorf AG,Hamburg,DEU,30,24,Germany,Europe
312871,2021,DE Master Blenders 1753 NV,Amsterdam,NLD,30,22,Netherlands,Europe
8546,2021,Koninklijke Philips NV,Amsterdam,NLD,35,1154,Netherlands,Europe
100080,2021,Bayer AG,Leverkusen,DEU,35,518,Germany,Europe
326765,2021,Siemens Healthineers AG,Forchheim,DEU,35,504,Germany,Europe
25648,2021,Roche Holding AG,Basel,CHE,35,500,Switzerland,Europe
101204,2021,Sanofi,Paris,FRA,35,234,France,Europe
101317,2021,Smith & Nephew PLC,Watford,GBR,35,179,United Kingdom,Europe
101310,2021,Novartis AG,Basel,CHE,35,157,Switzerland,Europe
35056,2021,Alcon Inc,Geneva,CHE,35,147,Switzerland,Europe
36700,2021,Immatics NV,Tubingen,DEU,35,124,Germany,Europe
212782,2021,Fresenius Medical Care AG,Bad Homburg,DEU,35,115,Germany,Europe
246706,2021,London Stock Exchange Group PLC,London,GBR,40,25,United Kingdom,Europe
3221,2021,Aon plc,Dublin,IRL,40,12,Ireland,Europe
12673,2021,Barclays PLC,London,GBR,40,8,United Kingdom,Europe
21408,2021,Groupe Bruxelles Lambert SA,Brussels,BEL,40,6,Belgium,Europe
15671,2021,Skandinaviska Enskilda Banken Ab,Stockholm,SWE,40,5,Sweden,Europe
227537,2021,Eurobank Ergasias Services and Holdings SA,Athens,GRC,40,5,Greece,Europe
15181,2021,Banco Bilbao Vizcaya Argentaria SA,Bilbao,ESP,40,4,Spain,Europe
16347,2021,Mittel SpA,Milan,ITA,40,3,Italy,Europe
144496,2021,UBS Group AG,Zurich,CHE,40,3,Switzerland,Europe
278557,2021,Touchstone Innovations Plc,London,GBR,40,3,United Kingdom,Europe
4439,2021,Telefonaktiebolaget LM Ericsson (publ),Stockholm,SWE,45,1409,Sweden,Europe
132740,2021,Infineon Technologies AG,Neubiberg,DEU,45,704,Germany,Europe
23671,2021,Nokia OYJ,Espoo,FIN,45,665,Finland,Europe
103487,2021,SAP SE,Walldorf,DEU,45,616,Germany,Europe
31142,2021,STMicroelectronics NV,Schiphol,NLD,45,606,Netherlands,Europe
184725,2021,NXP Semiconductors NV,Eindhoven,NLD,45,486,Netherlands,Europe
43285,2021,Arm Holdings plc,Cambridge,GBR,45,384,United Kingdom,Europe
143357,2021,Accenture PLC,Dublin,IRL,45,300,Ireland,Europe
61214,2021,ASML Holding NV,Veldhoven,NLD,45,284,Netherlands,Europe
177267,2021,TE Connectivity plc,Ballybrit,IRL,45,270,Ireland,Europe
14605,2021,WPP PLC,London,GBR,50,156,United Kingdom,Europe
220940,2021,Orange SA,Issy-les-Moulineaux,FRA,50,120,France,Europe
33175,2021,Spotify Technology SA,Luxembourg City,LUX,50,81,Luxembourg,Europe
2411,2021,BT Group PLC,London,GBR,50,78,United Kingdom,Europe
61440,2021,Koninklijke Kpn NV,Rotterdam,NLD,50,64,Netherlands,Europe
221616,2021,Deutsche Telekom AG,Bonn,DEU,50,36,Germany,Europe
19151,2021,Telecom Italia SPA,Rome,ITA,50,22,Italy,Europe
220579,2021,Telia Company AB (publ),Solna,SWE,50,19,Sweden,Europe
114927,2021,"Swisscom AG, Ittigen",Bern,CHE,50,15,Switzerland,Europe
282834,2021,Hawe SA,Warsaw,POL,50,10,Poland,Europe
220920,2021,EDF,Paris,FRA,55,29,France,Europe
100590,2021,E.ON SE,Essen,DEU,55,24,Germany,Europe
213423,2021,Centrica PLC,Windsor,GBR,55,14,United Kingdom,Europe
238616,2021,Veolia Environnement SA,Paris,FRA,55,13,France,Europe
220942,2021,Engie SA,Courbevoie,FRA,55,11,France,Europe
289259,2021,Vigie SA,Paris,FRA,55,4,France,Europe
100953,2021,RWE Aktiengesellschaft,Essen,DEU,55,1,Germany,Europe
100957,2021,Iberdrola SA,Bilbao,ESP,55,1,Spain,Europe
232646,2021,Orsted A/S,Fredericia,DNK,55,1,Denmark,Europe
269554,2021,C.N. Transelectrica SA,Bucharest,ROU,55,1,Romania,Europe
210446,2021,MRM Sa,Paris,FRA,60,1,France,Europe
202242,2021,A. Friedr. Flender GmbH,Bocholt,DEU,NA,14,Germany,Europe
211865,2021,Suunto Oy,Vantaa,FIN,NA,7,Finland,Europe
101167,2021,Ipeco Holdings PLC,Southend On Sea,GBR,NA,3,United Kingdom,Europe
204389,2021,Bridport PLC,Somerset,GBR,NA,2,United Kingdom,Europe
4099,2021,Dunlop Holdings PLC,LONDON,GBR,NA,1,United Kingdom,Europe
205311,2021,My Holdings PLC,Bagshot,GBR,NA,1,United Kingdom,Europe
215449,2021,Ulstein Holding ASA,Ulsteinvik,NOR,NA,1,Norway,Europe
318761,2021,EuroChem Group AG,Zug,CHE,NA,1,Switzerland,Europe
340102,2021,BoMill AB publ,Malmo,SWE,NA,1,Sweden,Europe
5439,2021,Halliburton Co,Houston,USA,10,921,United States,North America
9465,2021,Schlumberger Ltd,Houston,USA,10,437,United States,North America
4503,2021,Exxon Mobil Corp,Spring,USA,10,316,United States,North America
4367,2021,Weatherford International plc,Houston,USA,10,108,United States,North America
29849,2021,Western Atlas Inc,Houston,USA,10,99,United States,North America
2991,2021,Chevron Corp,San Ramon,USA,10,96,United States,North America
32106,2021,Baker Hughes a GE Co,Houston,USA,10,73,United States,North America
9653,2021,Shell Oil Co,Houston,USA,10,67,United States,North America
63892,2021,NOV Inc,Houston,USA,10,62,United States,North America
33326,2021,ChampionX Corp,The Woodlands,USA,10,56,United States,North America
34443,2021,Dow Inc,Midland,USA,15,347,United States,North America
35168,2021,Corteva Inc,Indianapolis,USA,15,301,United States,North America
4213,2021,Ecolab Inc.,Saint Paul,USA,15,138,United States,North America
4060,2021,DuPont  De Nemours Inc,Wilmington,USA,15,111,United States,North America
1913,2021,Avery Dennison Corp,Mentor,USA,15,84,United States,North America
20194,2021,Hauser Inc,Long Beach,USA,15,75,United States,North America
8247,2021,PPG Industries Inc.,Pittsburgh,USA,15,68,United States,North America
148210,2021,Chevron Phillips Chemical Co LLC,The Woodlands,USA,15,68,United States,North America
28176,2021,AptarGroup Inc.,Crystal Lake,USA,15,63,United States,North America
64389,2021,Silgan Holdings Inc,Stamford,USA,15,51,United States,North America
5047,2021,GE Aerospace,Evendale,USA,20,1539,United States,North America
2285,2021,Boeing Co,Arlington,USA,20,1446,United States,North America
10983,2021,RTX Corp,Arlington,USA,20,1025,United States,North America
1300,2021,Honeywell International Inc,Charlotte,USA,20,845,United States,North America
8972,2021,Raytheon Co.,Waltham,USA,20,802,United States,North America
7435,2021,3M Co,Saint Paul,USA,20,614,United States,North America
2817,2021,Caterpillar Inc,Irving,USA,20,499,United States,North America
3835,2021,DEERE & COMPANY,Moline,USA,20,487,United States,North America
10163,2021,Sundstrand Corp,Rockford,USA,20,380,United States,North America
5878,2021,Illinois Tool Works Inc.,Glenview,USA,20,371,United States,North America
64768,2021,Amazon.com Inc,Seattle,USA,25,2206,United States,North America
4839,2021,Ford Motor Co,Dearborn,USA,25,1887,United States,North America
7906,2021,NIKE Inc,Beaverton,USA,25,939,United States,North America
5073,2021,General Motors Co,Detroit,USA,25,881,United States,North America
11465,2021,Whirlpool Corp,Benton Harbor,USA,25,295,United States,North America
114524,2021,eBay Inc.,San Jose,USA,25,267,United States,North America
6946,2021,Magna International Inc,Aurora,CAN,25,258,Canada,North America
63797,2021,ACNielsen Corp,New York,USA,25,252,United States,North America
33767,2021,Sonos Inc,Santa Barbara,USA,25,200,United States,North America
3734,2021,Dana Inc,Maumee,USA,25,179,United States,North America
8762,2021,Procter & Gamble Co (The),Cincinnati,USA,30,672,United States,North America
11259,2021,Walmart Inc,Bentonville,USA,30,247,United States,North America
179621,2021,Philip Morris International Inc,Stamford,USA,30,171,United States,North America
3170,2021,Colgate-Palmolive Co,New York,USA,30,168,United States,North America
8543,2021,Altria Group Inc,Richmond,USA,30,155,United States,North America
3813,2021,Target Corp,Minneapolis,USA,30,106,United States,North America
6435,2021,Kimberly-Clark Corp,Dallas,USA,30,94,United States,North America
8479,2021,PepsiCo Inc,Purchase,USA,30,66,United States,North America
11670,2021,Spectrum Brands Holdings Inc,Middleton,USA,30,60,United States,North America
41897,2021,Kenvue Inc,Skillman,USA,30,59,United States,North America
6266,2021,Johnson & Johnson,New Brunswick,USA,35,1473,United States,North America
7228,2021,Medtronic PLC,Galway,USA,35,1075,United States,North America
25279,2021,Boston Scientific Corp,Marlborough,USA,35,552,United States,North America
10115,2021,Stryker Corp,Portage,USA,35,515,United States,North America
1078,2021,Abbott Laboratories,North Chicago,USA,35,479,United States,North America
2111,2021,Becton Dickinson and Co,Franklin Lakes,USA,35,445,United States,North America
7257,2021,Merck & Co Inc,Rahway,USA,35,332,United States,North America
3735,2021,Danaher Corp,Washington,USA,35,265,United States,North America
136725,2021,Intuitive Surgical Inc,Sunnyvale,USA,35,200,United States,North America
133366,2021,Edwards Lifesciences Corp,Irvine,USA,35,194,United States,North America
30990,2021,Capital One Financial Corp,McLean,USA,40,711,United States,North America
7647,2021,Bank of America Corp,Charlotte,USA,40,513,United States,North America
8007,2021,Wells Fargo & Co,San Francisco,USA,40,390,United States,North America
24616,2021,PayPal Holdings Inc,San Jose,USA,40,327,United States,North America
160225,2021,Mastercard Inc,Purchase,USA,40,327,United States,North America
122554,2021,United Services Auto Assn,San Antonio,USA,40,313,United States,North America
179534,2021,Visa Inc,San Francisco,USA,40,308,United States,North America
122594,2021,State Farm Insurance,Bloomington,USA,40,280,United States,North America
2176,2021,Berkshire Hathaway Inc,Omaha,USA,40,196,United States,North America
2968,2021,JPMorgan Chase & Co,New York,USA,40,157,United States,North America
6066,2021,International Business Machines Corp,Armonk,USA,45,8949,United States,North America
1690,2021,Apple Inc,Cupertino,USA,45,2992,United States,North America
6008,2021,Intel Corp,Santa Clara,USA,45,2798,United States,North America
12141,2021,Microsoft Corp,Redmond,USA,45,2551,United States,North America
24800,2021,QUALCOMM Inc.,San Diego,USA,45,2169,United States,North America
14489,2021,Dell Technologies Inc,Round Rock,USA,45,2056,United States,North America
7343,2021,Micron Technology Inc.,Boise,USA,45,1801,United States,North America
20779,2021,Cisco Systems Inc,San Jose,USA,45,1282,United States,North America
5606,2021,HP Inc,Palo Alto,USA,45,1060,United States,North America
10499,2021,Texas Instruments Inc,Dallas,USA,45,976,United States,North America
160329,2021,Alphabet Inc,Mountain View,USA,50,2293,United States,North America
170617,2021,Meta Platforms Inc,Menlo Park,USA,50,1284,United States,North America
9899,2021,AT&T Inc,Dallas,USA,50,981,United States,North America
2136,2021,Verizon Communications Inc,New York,USA,50,691,United States,North America
17874,2021,T-Mobile US Inc,Bellevue,USA,50,414,United States,North America
30091,2021,Snap Inc,Santa Monica,USA,50,391,United States,North America
3226,2021,Comcast Corp,Philadelphia,USA,50,361,United States,North America
3980,2021,Walt Disney Co (The),Burbank,USA,50,259,United States,North America
126136,2021,Charter Communications Inc,Stamford,USA,50,179,United States,North America
2884,2021,Lumen Technologies Inc,Monroe,USA,50,136,United States,North America
135990,2021,NRG Energy Inc,Houston,USA,55,48,United States,North America
5808,2021,Hydro Quebec,Montreal,CAN,55,19,Canada,North America
3413,2021,Consolidated Edison Inc.,New York,USA,55,6,United States,North America
4517,2021,NextEra Energy Inc,Juno Beach,USA,55,5,United States,North America
7904,2021,Nicor Inc.,Naperville,USA,55,4,United States,North America
9850,2021,Southern Co (The),Atlanta,USA,55,4,United States,North America
11304,2021,Avista Corp,Spokane,USA,55,4,United States,North America
1075,2021,Pinnacle West Capital Corp,Phoenix,USA,55,3,United States,North America
1440,2021,American Electric Power Co Inc,Columbus,USA,55,3,United States,North America
4029,2021,Dominion Energy Inc,Richmond,USA,55,3,United States,North America
112111,2021,CoStar Group Inc,Washington,USA,60,15,United States,North America
138743,2021,Equinix Inc,Redwood City,USA,60,15,United States,North America
187039,2021,Zillow Group Inc,Seattle,USA,60,12,United States,North America
20344,2021,Washington Prime Group Inc,Columbus,USA,60,4,United States,North America
37519,2021,Opendoor Technologies Inc,Tempe,USA,60,3,United States,North America
8824,2021,PGI Inc,Saint Louis,USA,60,2,United States,North America
33433,2021,WeWork Inc,New York,USA,60,2,United States,North America
7402,2021,Miller Industries Inc,Miami,USA,60,1,United States,North America
11456,2021,Weyerhaeuser Co,Seattle,USA,60,1,United States,North America
32102,2021,Redfin Corp,Seattle,USA,60,1,United States,North America
2789,2021,Carrier Corp,Palm Beach Gardens,USA,NA,239,United States,North America
6491,2021,Kohler Co,Kohler,USA,NA,164,United States,North America
8198,2021,Otis Elevator Co,Farmington,USA,NA,164,United States,North America
10811,2021,UOP Inc,Des Plaines,USA,NA,107,United States,North America
7224,2021,Medline Industries Inc,Northfield,USA,NA,77,United States,North America
9239,2021,Rosemount Inc,Chanhassen,USA,NA,33,United States,North America
5367,2021,Guardian Industries,Auburn Hills,USA,NA,23,United States,North America
2910,2021,Chamberlain Manufacturing Co,Chicago,USA,NA,19,United States,North America
7089,2021,Masonite Corp,Tampa,USA,NA,17,United States,North America
9737,2021,Simmons Co,Atlanta,USA,NA,11,United States,North America
213479,2021,TotalEnergies Marketing Kenya PLC,Nairobi,KEN,10,24,Kenya,Other
222111,2021,Petroleo Brasileiro S.A.- Petrobras,Rio De Janeiro,BRA,10,6,Brazil,Other
28520,2021,Ypf Sociedad Anonima Yacimientos Petroliferos Fiscales,Buenos Aires,ARG,10,5,Argentina,Other
282832,2021,Oil Refineries Ltd,Haifa,ISR,10,1,Israel,Other
200499,2021,Vallourec & Mannesmann Tubes,Belo Horizonte,BRA,15,12,Brazil,Other
200976,2021,Braskem SA,Sao Paulo,BRA,15,12,Brazil,Other
220211,2021,ICL GROUP LTD,Tel Aviv,ISR,15,7,Israel,Other
100465,2021,Sasol Ltd,Johannesburg,ZAF,15,6,South Africa,Other
200512,2021,Suzano SA,Salvador,BRA,15,3,Brazil,Other
209382,2021,Vale SA,Rio De Janeiro,BRA,15,3,Brazil,Other
213311,2021,Evora SA,Porto Alegre,BRA,15,3,Brazil,Other
111941,2021,Gerdau SA,Sao Paulo,BRA,15,1,Brazil,Other
204440,2021,Makhteshim Agan Industries Ltd,Jingzhou,ISR,15,1,Israel,Other
221523,2021,Molibdenos Y Metales SA Molymet,San Bernardo,CHL,15,1,Chile,Other
65380,2021,Elbit Systems Ltd,Haifa,ISR,20,33,Israel,Other
213288,2021,Embraer SA,Sao Paulo,BRA,20,15,Brazil,Other
222123,2021,Odebrecht SA,Salvador,BRA,20,13,Brazil,Other
289223,2021,Alaris Holdings Ltd,Centurion,ZAF,20,12,South Africa,Other
23243,2021,Kornit Digital Ltd,Rosh Haayin,ISR,20,7,Israel,Other
300107,2021,Nano Dimension Ltd,Ness Ziona,ISR,20,7,Israel,Other
274677,2021,Amiad Water Systems Ltd,Upper Galilee,ISR,20,4,Israel,Other
345714,2021,Aquarius Engines (AM) Ltd,Yakum,ISR,20,4,Israel,Other
213287,2021,Embraco SA,Joinville,BRA,20,3,Brazil,Other
272765,2021,Sarine Technologies Ltd,Hod HaSharon,ISR,20,3,Israel,Other
41640,2021,Mobileye Global Inc,Jerusalem,ISR,25,10,Israel,Other
275668,2021,Maytronics Ltd,Jezreel Valley,ISR,25,10,Israel,Other
206059,2021,Naspers Ltd,Cape Town,ZAF,25,9,South Africa,Other
39325,2021,REE Automotive Ltd,Herzliya,ISR,25,6,Israel,Other
205128,2021,Mahle-Metal Leve Sa,Mogi Guacu,BRA,25,6,Brazil,Other
297402,2021,Tadiran Group Ltd,Petah Tikva,ISR,25,6,Israel,Other
164276,2021,Leatt Corp,Durbanville,ZAF,25,4,South Africa,Other
297507,2021,Foresight Autonomous Holdings Ltd,Ness Ziona,ISR,25,2,Israel,Other
224604,2021,Delta Galil Industries Ltd,Caesarea,ISR,25,1,Israel,Other
270509,2021,Natura &Co Holding SA,Sao Paulo,BRA,30,10,Brazil,Other
295237,2021,Tereos Internacional SA,Sao Paulo,BRA,30,4,Brazil,Other
313254,2021,Hortifrut S.A.,Santiago,CHL,30,4,Chile,Other
285188,2021,Marfrig Global Foods SA,Sao Paulo,BRA,30,2,Brazil,Other
343930,2021,Nutritional Growth Solutions Ltd,Tel Aviv,ISR,30,2,Israel,Other
23290,2021,Strauss Group Ltd,Petah Tikva,ISR,30,1,Israel,Other
14538,2021,Teva Pharmaceutical Industries Ltd,Tel Aviv,ISR,35,28,Israel,Other
286396,2021,Evogene Ltd,Rehovot,ISR,35,14,Israel,Other
240221,2021,APS Technologies Ltd,Heteren,ZAF,35,10,South Africa,Other
296885,2021,Redhill Biopharma Ltd,Tel Aviv,ISR,35,8,Israel,Other
32897,2021,Sol Gel Technologies Ltd,Ness Ziona,ISR,35,5,Israel,Other
160902,2021,Syneron Medical Ltd,Yokneam Illit,ISR,35,4,Israel,Other
275799,2021,Xylo Technologies Ltd,Tel Aviv,ISR,35,3,Israel,Other
350000,2021,Hodayat Haaretz Ltd,Tel Aviv,ISR,35,3,Israel,Other
19771,2021,Galmed Pharmaceuticals Ltd,Ramat Gan,ISR,35,2,Israel,Other
21022,2021,Mapi - Pharma Ltd,Ness Ziona,ISR,35,2,Israel,Other
209957,2021,Boe Ltd,Cape Town,ZAF,40,250,South Africa,Other
119754,2021,EFG Holding Company,6th of October City,EGY,40,1,Egypt,Other
240228,2021,Discovery Ltd,Johannesburg,ZAF,40,1,South Africa,Other
23119,2021,SolarEdge Technologies Inc,Herzliya,ISR,45,42,Israel,Other
61902,2021,NICE Ltd,Ra'anana,ISR,45,42,Israel,Other
21002,2021,CyberArk Software Ltd,Petah Tikva,ISR,45,23,Israel,Other
133905,2021,Nova Ltd,Rehovot,ISR,45,13,Israel,Other
18869,2021,Wix.com Ltd,Tel Aviv,ISR,45,12,Israel,Other
38822,2021,monday com Ltd,Tel Aviv,ISR,45,9,Israel,Other
125074,2021,Radware Ltd,Tel Aviv,ISR,45,9,Israel,Other
176021,2021,Allot Ltd,Hod HaSharon,ISR,45,5,Israel,Other
231824,2021,Dmatek Ltd,Tel Aviv,ISR,45,5,Israel,Other
31255,2021,Tower Semiconductor Ltd,Migdal Haemek,ISR,45,4,Israel,Other
37752,2021,Playtika Holding Corp,Herzliya Pituach,ISR,50,4,Israel,Other
317637,2021,Nexxen International Ltd,Tel Aviv-Yafo,ISR,50,1,Israel,Other
275787,2021,Light SA,Rio De Janeiro,BRA,55,2,Brazil,Other
30471,2021,AES Andes SA,Santiago,CHL,55,1,Chile,Other
317586,2021,OCP S.A.,Casablanca,MAR,NA,3,Morocco,Other
334426,2022,Saudi Arabian Oil Company,Dhahran,SAU,10,960,Saudi Arabia,Asia Pacific
279449,2022,Idemitsu Kosan Co Ltd,Tokyo,JPN,10,101,Japan,Asia Pacific
285205,2022,SK Innovation Co Ltd,Seoul,KOR,10,78,South Korea,Asia Pacific
140756,2022,CHINA PETROLEUM & CHEMICAL CORPORATION,Beijing,CHN,10,43,China,Asia Pacific
207074,2022,Reliance Industries Ltd,Mumbai,IND,10,31,India,Asia Pacific
100158,2022,ENEOS Holdings Inc,Tokyo,JPN,10,25,Japan,Asia Pacific
212777,2022,Indian Oil Corp Ltd,New Delhi,IND,10,22,India,Asia Pacific
133870,2022,PetroChina Company Limited,Beijing,CHN,10,19,China,Asia Pacific
203741,2022,SK Discovery Co Ltd,Seongnam-si,KOR,10,15,South Korea,Asia Pacific
293812,2022,Yantai Jereh Oilfield Services Group Co Ltd,Yantai City,CHN,10,12,China,Asia Pacific
245036,2022,Lg Chem Ltd,Seoul,KOR,15,1041,South Korea,Asia Pacific
100155,2022,Nippon Steel Corp,Tokyo,JPN,15,245,Japan,Asia Pacific
100697,2022,Shin-Etsu Chemical Co Ltd,Tokyo,JPN,15,209,Japan,Asia Pacific
100689,2022,Sumitomo Chemical Co Ltd,Tokyo,JPN,15,205,Japan,Asia Pacific
100258,2022,Asahi Kasei Corp,Tokyo,JPN,15,196,Japan,Asia Pacific
100724,2022,Toray Industries Inc,Tokyo,JPN,15,171,Japan,Asia Pacific
253738,2022,Jfe Holdings Inc,Tokyo,JPN,15,168,Japan,Asia Pacific
248963,2022,Saudi Basic Industries Corp,Riyadh,SAU,15,153,Saudi Arabia,Asia Pacific
100683,2022,Nitto Denko Corp,Osaka,JPN,15,138,Japan,Asia Pacific
19045,2022,Mitsubishi Chemical Group Corporation,Tokyo,JPN,15,126,Japan,Asia Pacific
19043,2022,Mitsubishi Electric Corp,Tokyo,JPN,20,1297,Japan,Asia Pacific
5650,2022,Hitachi Ltd,Tokyo,JPN,20,1095,Japan,Asia Pacific
10622,2022,Toshiba Corp,Tokyo,JPN,20,899,Japan,Asia Pacific
100012,2022,Mitsubishi Heavy Industries Ltd,Tokyo,JPN,20,519,Japan,Asia Pacific
100048,2022,Fanuc Corp,Yamanashi,JPN,20,434,Japan,Asia Pacific
221821,2022,Nidec Corporation,Kyoto,JPN,20,306,Japan,Asia Pacific
103409,2022,Techtronic Industries Co Ltd,Kwai Chung,HKG,20,283,"Hong Kong, SAR China",Asia Pacific
102773,2022,Nichias Corp,Tokyo,JPN,20,272,Japan,Asia Pacific
101138,2022,Daikin Industries Ltd,Osaka,JPN,20,239,Japan,Asia Pacific
101851,2022,Fuji Electric Co Ltd,Tokyo,JPN,20,220,Japan,Asia Pacific
251303,2022,Lg Electronics Inc,Seoul,KOR,25,3248,South Korea,Asia Pacific
19661,2022,Toyota Motor Corp,Toyota,JPN,25,2942,Japan,Asia Pacific
9818,2022,Sony Group Corporation,Tokyo,JPN,25,2709,Japan,Asia Pacific
104607,2022,Hyundai Motor Co,Seoul,KOR,25,1679,South Korea,Asia Pacific
7114,2022,Panasonic Holdings Corporation,Kadoma,JPN,25,1618,Japan,Asia Pacific
104606,2022,Kia Corporation,Seoul,KOR,25,1561,South Korea,Asia Pacific
5691,2022,Honda Motor Co Ltd,Tokyo,JPN,25,1413,Japan,Asia Pacific
19112,2022,Denso Corp,Kariya,JPN,25,1040,Japan,Asia Pacific
100699,2022,Sharp Corp,Sakai,JPN,25,704,Japan,Asia Pacific
19413,2022,Sumitomo Electric Industries Ltd,Osaka,JPN,25,632,Japan,Asia Pacific
18715,2022,Kao Corp,Tokyo,JPN,30,106,Japan,Asia Pacific
223528,2022,Japan Tobacco Inc,Tokyo,JPN,30,79,Japan,Asia Pacific
286420,2022,CJ CheilJedang Corp,Seoul,KOR,30,75,South Korea,Asia Pacific
234376,2022,Kt&G Corp,Daejeon,KOR,30,49,South Korea,Asia Pacific
338946,2022,Smoore International Holdings Ltd,Shenzhen,CHN,30,45,China,Asia Pacific
19344,2022,Shiseido Co Ltd,Tokyo,JPN,30,44,Japan,Asia Pacific
322126,2022,OPPLE Lighting Co Ltd,Shanghai,CHN,30,41,China,Asia Pacific
278216,2022,Amorepacific Corp,Seoul,KOR,30,39,South Korea,Asia Pacific
104854,2022,Unicharm Corporation,Tokyo,JPN,30,30,Japan,Asia Pacific
273961,2022,Seven & I Holdings Co Ltd,Tokyo,JPN,30,27,Japan,Asia Pacific
100686,2022,Olympus Corp,Tokyo,JPN,35,450,Japan,Asia Pacific
102146,2022,Terumo Corp,Tokyo,JPN,35,165,Japan,Asia Pacific
354265,2022,Shanghai United Imaging Healthcare Co Ltd,Shanghai,CHN,35,142,China,Asia Pacific
101256,2022,Fisher & Paykel Healthcare Corp Ltd,Auckland,NZL,35,121,New Zealand,Asia Pacific
100433,2022,Hoya Corp,Tokyo,JPN,35,86,Japan,Asia Pacific
212712,2022,Sysmex Corp,Kobe,JPN,35,85,Japan,Asia Pacific
212635,2022,Cochlear Ltd,Sydney,AUS,35,76,Australia,Asia Pacific
100718,2022,Takeda Pharmaceutical Co Ltd,Tokyo,JPN,35,73,Japan,Asia Pacific
296288,2022,Otsuka Holdings Co Ltd,Tokyo,JPN,35,62,Japan,Asia Pacific
175612,2022,Mindray Medical International Ltd,Shenzhen,CHN,35,44,China,Asia Pacific
160709,2022,Ping An Insurance Group Co of China Ltd,Shenzhen,CHN,40,28,China,Asia Pacific
356377,2022,Rakuten Bank Ltd,Tokyo,JPN,40,10,Japan,Asia Pacific
239116,2022,Insurance Australia Group Ltd,Sydney,AUS,40,4,Australia,Asia Pacific
242218,2022,SBI Holdings Inc,Tokyo,JPN,40,4,Japan,Asia Pacific
248136,2022,Mizuho Financial Group Inc,Tokyo,JPN,40,4,Japan,Asia Pacific
293515,2022,Hithink RoyalFlush Information Network Co Ltd,Hangzhou,CHN,40,4,China,Asia Pacific
318207,2022,Pushpay Holdings Ltd,Auckland,NZL,40,3,New Zealand,Asia Pacific
207933,2022,Hanwha General Insurance Co Ltd,Seoul,KOR,40,2,South Korea,Asia Pacific
223068,2022,Piramal Enterprises Limited,Mumbai,IND,40,2,India,Asia Pacific
234998,2022,Met'S Corp,Tokyo,JPN,40,2,Japan,Asia Pacific
104604,2022,Samsung Electronics Co Ltd,Suwon,KOR,45,9221,South Korea,Asia Pacific
2721,2022,Canon Inc,Tokyo,JPN,45,3153,Japan,Asia Pacific
201395,2022,Taiwan Semiconductor Manufacturing Co Ltd,Hsinchu City,TWN,45,3042,Taiwan,Asia Pacific
242058,2022,Boe Technology Group Co Ltd,Beijing,CHN,45,2420,China,Asia Pacific
4925,2022,Fujifilm Holdings Corp,Tokyo,JPN,45,1449,Japan,Asia Pacific
257018,2022,Seiko Epson Corp,Suwa,JPN,45,1252,Japan,Asia Pacific
204049,2022,SK Hynix Inc,Icheon-Si,KOR,45,1141,South Korea,Asia Pacific
100226,2022,Murata Manufacturing Co Ltd,Nagaokakyo,JPN,45,1030,Japan,Asia Pacific
7652,2022,Nec Corp,Tokyo,JPN,45,1006,Japan,Asia Pacific
6512,2022,Kyocera Corp,Kyoto,JPN,45,814,Japan,Asia Pacific
7908,2022,Nippon Telegraph and Telephone Corporation,Tokyo,JPN,50,812,Japan,Asia Pacific
270615,2022,Tencent Holdings LTD,Shenzhen,CHN,50,791,China,Asia Pacific
164532,2022,Baidu Inc,Beijing,CHN,50,612,China,Asia Pacific
346434,2022,Kuaishou Technology,Beijing,CHN,50,123,China,Asia Pacific
203480,2022,SK Telecom Co Ltd,Seoul,KOR,50,93,South Korea,Asia Pacific
133104,2022,KT Corporation,Seongnam-si,KOR,50,92,South Korea,Asia Pacific
102450,2022,Nintendo Co Ltd,Kyoto,JPN,50,73,Japan,Asia Pacific
290702,2022,GREE Holdings Inc,Tokyo,JPN,50,69,Japan,Asia Pacific
214509,2022,LY Corporation,Chiyoda,JPN,50,59,Japan,Asia Pacific
255244,2022,NAVER Corp,Seongnam-si,KOR,50,51,South Korea,Asia Pacific
30874,2022,Korea Electric Power Corp,Naju-Si,KOR,55,35,South Korea,Asia Pacific
100846,2022,Osaka Gas Co Ltd,Osaka,JPN,55,6,Japan,Asia Pacific
100450,2022,Chubu Electric Power Co Inc,Nagoya,JPN,55,4,Japan,Asia Pacific
100439,2022,Chugoku Electric Power Co Inc,Hiroshima,JPN,55,3,Japan,Asia Pacific
100688,2022,Tokyo Electric Power Co Holdings Inc,Chiyoda,JPN,55,2,Japan,Asia Pacific
293536,2022,China Longyuan Power Group Corp Ltd,Beijing,CHN,55,2,China,Asia Pacific
314861,2022,Energy Absolute Public Company Limited,Bangkok,THA,55,2,Thailand,Asia Pacific
19774,2022,Sembcorp Industries Ltd,Singapore,SGP,55,1,Singapore,Asia Pacific
100488,2022,Kyushu Electric Power Co Inc,Fukuoka City,JPN,55,1,Japan,Asia Pacific
102021,2022,Toho Gas Co Ltd,Nagoya,JPN,55,1,Japan,Asia Pacific
200477,2022,Peking University Resources (Holdings) Co Ltd,Causeway Bay,HKG,60,19,"Hong Kong, SAR China",Asia Pacific
242644,2022,Sunland Group Ltd Sdg,Surfers Paradise,AUS,60,6,Australia,Asia Pacific
259184,2022,SC Asset Corp Public Co Ltd,Bangkok,THA,60,5,Thailand,Asia Pacific
206883,2022,Mercurius Capital Investment Ltd,Singapore,SGP,60,2,Singapore,Asia Pacific
19421,2022,Sun Hung Kai Properties Ltd,Wan Chai,HKG,60,1,"Hong Kong, SAR China",Asia Pacific
100436,2022,Daikyo Inc,Tokyo,JPN,60,1,Japan,Asia Pacific
208017,2022,China Vanke Co Ltd,Shenzhen,CHN,60,1,China,Asia Pacific
211349,2022,Unitech Ltd,Gurugram,IND,60,1,India,Asia Pacific
241412,2022,Servcorp Ltd,Sydney,AUS,60,1,Australia,Asia Pacific
270319,2022,Meiho Enterprise Co Ltd,Tokyo,JPN,60,1,Japan,Asia Pacific
321386,2022,Suntory Holdings Ltd,Tokyo,JPN,NA,36,Japan,Asia Pacific
202875,2022,KDK Corp,Kyoto,JPN,NA,19,Japan,Asia Pacific
332577,2022,Supernet Technologies Ltd,Karachi,PAK,NA,9,Pakistan,Asia Pacific
102484,2022,Donaghys Ltd,Christchurch,NZL,NA,2,New Zealand,Asia Pacific
334231,2022,SPRING ART HOLDINGS BERHAD,Muar,MYS,NA,2,Malaysia,Asia Pacific
343791,2022,ThroughTek Co Ltd,Taipei,TWN,NA,1,Taiwan,Asia Pacific
24625,2022,TotalEnergies SE,Courbevoie,FRA,10,121,France,Europe
12384,2022,Shell Plc,London,GBR,10,54,United Kingdom,Europe
2410,2022,BP plc,London,GBR,10,30,United Kingdom,Europe
61616,2022,Eni SpA,Rome,ITA,10,26,Italy,Europe
272746,2022,Neste OYJ,Espoo,FIN,10,26,Finland,Europe
102983,2022,Viridien Societe anonyme,Massy,FRA,10,24,France,Europe
216613,2022,TGS ASA,Oslo,NOR,10,24,Norway,Europe
101083,2022,Saipem SpA,Milan,ITA,10,23,Italy,Europe
220546,2022,Equinor ASA,Stavanger,NOR,10,22,Norway,Europe
101861,2022,Hunting PLC,London,GBR,10,20,United Kingdom,Europe
17436,2022,BASF SE,Ludwigshafen am Rhein,DEU,15,417,Germany,Europe
320448,2022,Covestro AG,Leverkusen,DEU,15,138,Germany,Europe
102454,2022,DSM Firmenich AG,Kaiseraugst,CHE,15,133,Switzerland,Europe
241216,2022,"Syngenta AG, Basel",Basel,CHE,15,133,Switzerland,Europe
101202,2022,L'Air Liquide SA,Paris,FRA,15,117,France,Europe
277043,2022,Arkema,Colombes,FRA,15,116,France,Europe
103176,2022,thyssenkrupp AG,Essen,DEU,15,110,Germany,Europe
295421,2022,Evonik Industries AG,Essen,DEU,15,99,Germany,Europe
101394,2022,"Solvay SA, Bruxelles",Brussels,BEL,15,90,Belgium,Europe
241336,2022,Novonesis A/S,Bagsvaerd,DNK,15,72,Denmark,Europe
19349,2022,Siemens AG,Munich,DEU,20,606,Germany,Europe
220833,2022,Airbus SE,Leiden,NLD,20,529,Netherlands,Europe
101305,2022,Safran SA,Paris,FRA,20,505,France,Europe
100499,2022,Rolls Royce Holdings PLC,London,GBR,20,467,United Kingdom,Europe
210418,2022,ABB Ltd,Zurich,CHE,20,378,Switzerland,Europe
6268,2022,Johnson Controls International Plc,Cork,IRL,20,358,Ireland,Europe
295786,2022,CNH Industrial N V,Basildon,GBR,20,339,United Kingdom,Europe
4199,2022,Eaton Corporation plc,Dublin,IRL,20,305,Ireland,Europe
321698,2022,Signify NV,Eindhoven,NLD,20,222,Netherlands,Europe
101811,2022,Compagnie de Saint Gobain S A,Courbevoie,FRA,20,217,France,Europe
100737,2022,Volkswagen AG,Wolfsburg,DEU,25,696,Germany,Europe
100022,2022,Bayerische Motoren Werke Aktiengesellschaft,Munich,DEU,25,421,Germany,Europe
100609,2022,Continental AG,Hanover,DEU,25,336,Germany,Europe
101347,2022,Swatch Group AG,Biel/Bienne,CHE,25,286,Switzerland,Europe
102299,2022,Forvia SE,Nanterre,FRA,25,245,France,Europe
320124,2022,Schaeffler AG,Herzogenaurach,DEU,25,216,Germany,Europe
118122,2022,Aptiv PLC,Schaffhausen,CHE,25,204,Switzerland,Europe
102523,2022,Valeo SE,Paris,FRA,25,178,France,Europe
101277,2022,Compagnie Generale des Etablissements Michelin Societe en commandite par actions,Clermont-Ferrand,FRA,25,162,France,Europe
350278,2022,Vitesco Technologies Group Aktiengesellschaft,Regensburg,DEU,25,143,Germany,Europe
100581,2022,LOreal SA,Clichy,FRA,30,243,France,Europe
101942,2022,Henkel AG & Co KGaA,Dusseldorf,DEU,30,191,Germany,Europe
16603,2022,"Nestle SA, Cham Und Vevey",Vevey,CHE,30,146,Switzerland,Europe
10846,2022,Unilever PLC,London,GBR,30,89,United Kingdom,Europe
1932,2022,British American Tobacco PLC,London,GBR,30,84,United Kingdom,Europe
324770,2022,Essity Aktiebolag,Stockholm,SWE,30,41,Sweden,Europe
102926,2022,KWS SAAT SE & Co. KGaA,Einbeck,DEU,30,22,Germany,Europe
210918,2022,Vilmorin & Cie SA,Paris,FRA,30,22,France,Europe
100083,2022,Beiersdorf AG,Hamburg,DEU,30,21,Germany,Europe
295113,2022,Ocado Group PLC,Hatfield,GBR,30,19,United Kingdom,Europe
8546,2022,Koninklijke Philips NV,Amsterdam,NLD,35,1035,Netherlands,Europe
326765,2022,Siemens Healthineers AG,Forchheim,DEU,35,550,Germany,Europe
100080,2022,Bayer AG,Leverkusen,DEU,35,512,Germany,Europe
25648,2022,Roche Holding AG,Basel,CHE,35,408,Switzerland,Europe
101204,2022,Sanofi,Paris,FRA,35,217,France,Europe
101317,2022,Smith & Nephew PLC,Watford,GBR,35,163,United Kingdom,Europe
212782,2022,Fresenius Medical Care AG,Bad Homburg,DEU,35,141,Germany,Europe
35056,2022,Alcon Inc,Geneva,CHE,35,123,Switzerland,Europe
101310,2022,Novartis AG,Basel,CHE,35,119,Switzerland,Europe
5180,2022,GSK plc,Brentford,GBR,35,90,United Kingdom,Europe
246706,2022,London Stock Exchange Group PLC,London,GBR,40,17,United Kingdom,Europe
3221,2022,Aon plc,Dublin,IRL,40,15,Ireland,Europe
63546,2022,"Schweizerische Rueckversicherungs-Gesellschaft, Zuerich",Zurich,CHE,40,9,Switzerland,Europe
12673,2022,Barclays PLC,London,GBR,40,6,United Kingdom,Europe
21408,2022,Groupe Bruxelles Lambert SA,Brussels,BEL,40,6,Belgium,Europe
15671,2022,Skandinaviska Enskilda Banken Ab,Stockholm,SWE,40,5,Sweden,Europe
278557,2022,Touchstone Innovations Plc,London,GBR,40,5,United Kingdom,Europe
15181,2022,Banco Bilbao Vizcaya Argentaria SA,Bilbao,ESP,40,3,Spain,Europe
144496,2022,UBS Group AG,Zurich,CHE,40,3,Switzerland,Europe
317891,2022,Worldline,Puteaux,FRA,40,3,France,Europe
4439,2022,Telefonaktiebolaget LM Ericsson (publ),Stockholm,SWE,45,1416,Sweden,Europe
23671,2022,Nokia OYJ,Espoo,FIN,45,715,Finland,Europe
132740,2022,Infineon Technologies AG,Neubiberg,DEU,45,670,Germany,Europe
103487,2022,SAP SE,Walldorf,DEU,45,656,Germany,Europe
31142,2022,STMicroelectronics NV,Schiphol,NLD,45,588,Netherlands,Europe
184725,2022,NXP Semiconductors NV,Eindhoven,NLD,45,475,Netherlands,Europe
43285,2022,Arm Holdings plc,Cambridge,GBR,45,329,United Kingdom,Europe
177267,2022,TE Connectivity plc,Ballybrit,IRL,45,262,Ireland,Europe
143357,2022,Accenture PLC,Dublin,IRL,45,261,Ireland,Europe
61214,2022,ASML Holding NV,Veldhoven,NLD,45,249,Netherlands,Europe
220940,2022,Orange SA,Issy-les-Moulineaux,FRA,50,128,France,Europe
33175,2022,Spotify Technology SA,Luxembourg City,LUX,50,88,Luxembourg,Europe
61440,2022,Koninklijke Kpn NV,Rotterdam,NLD,50,79,Netherlands,Europe
2411,2022,BT Group PLC,London,GBR,50,76,United Kingdom,Europe
14605,2022,WPP PLC,London,GBR,50,49,United Kingdom,Europe
221616,2022,Deutsche Telekom AG,Bonn,DEU,50,25,Germany,Europe
19151,2022,Telecom Italia SPA,Rome,ITA,50,17,Italy,Europe
220579,2022,Telia Company AB (publ),Solna,SWE,50,13,Sweden,Europe
114927,2022,"Swisscom AG, Ittigen",Bern,CHE,50,9,Switzerland,Europe
14894,2022,Vodafone Group Public Limited Company,Newbury,GBR,50,6,United Kingdom,Europe
220920,2022,EDF,Paris,FRA,55,41,France,Europe
238616,2022,Veolia Environnement SA,Paris,FRA,55,11,France,Europe
100590,2022,E.ON SE,Essen,DEU,55,8,Germany,Europe
220942,2022,Engie SA,Courbevoie,FRA,55,8,France,Europe
213423,2022,Centrica PLC,Windsor,GBR,55,6,United Kingdom,Europe
100953,2022,RWE Aktiengesellschaft,Essen,DEU,55,5,Germany,Europe
102704,2022,United Utilities Group PLC,Warrington,GBR,55,2,United Kingdom,Europe
269554,2022,C.N. Transelectrica SA,Bucharest,ROU,55,2,Romania,Europe
289259,2022,Vigie SA,Paris,FRA,55,2,France,Europe
349408,2022,Corporacion Acciona Energias Renovables S.A.,Madrid,ESP,55,2,Spain,Europe
202242,2022,A. Friedr. Flender GmbH,Bocholt,DEU,NA,17,Germany,Europe
211865,2022,Suunto Oy,Vantaa,FIN,NA,4,Finland,Europe
215449,2022,Ulstein Holding ASA,Ulsteinvik,NOR,NA,4,Norway,Europe
340176,2022,Duality S A,Warsaw,POL,NA,3,Poland,Europe
4099,2022,Dunlop Holdings PLC,LONDON,GBR,NA,2,United Kingdom,Europe
102103,2022,Barry Wehmiller International PLC,Knowsley,GBR,NA,2,United Kingdom,Europe
205311,2022,My Holdings PLC,Bagshot,GBR,NA,2,United Kingdom,Europe
212781,2022,Brunner Mond PLC,Northwich,GBR,NA,1,United Kingdom,Europe
346469,2022,Medesis Pharma SA,Montpellier,FRA,NA,1,France,Europe
349833,2022,Ondo InsurTech Plc,London,GBR,NA,1,United Kingdom,Europe
5439,2022,Halliburton Co,Houston,USA,10,976,United States,North America
9465,2022,Schlumberger Ltd,Houston,USA,10,374,United States,North America
4503,2022,Exxon Mobil Corp,Spring,USA,10,281,United States,North America
29849,2022,Western Atlas Inc,Houston,USA,10,174,United States,North America
2991,2022,Chevron Corp,San Ramon,USA,10,99,United States,North America
32106,2022,Baker Hughes a GE Co,Houston,USA,10,72,United States,North America
63892,2022,NOV Inc,Houston,USA,10,66,United States,North America
4367,2022,Weatherford International plc,Houston,USA,10,65,United States,North America
8549,2022,Conocophillips,Houston,USA,10,46,United States,North America
22794,2022,BJ Services Co,Houston,USA,10,44,United States,North America
34443,2022,Dow Inc,Midland,USA,15,327,United States,North America
35168,2022,Corteva Inc,Indianapolis,USA,15,327,United States,North America
4213,2022,Ecolab Inc.,Saint Paul,USA,15,128,United States,North America
4060,2022,DuPont  De Nemours Inc,Wilmington,USA,15,95,United States,North America
1913,2022,Avery Dennison Corp,Mentor,USA,15,74,United States,North America
29392,2022,Eastman Chemical Co,Kingsport,USA,15,72,United States,North America
8247,2022,PPG Industries Inc.,Pittsburgh,USA,15,71,United States,North America
148210,2022,Chevron Phillips Chemical Co LLC,The Woodlands,USA,15,71,United States,North America
20194,2022,Hauser Inc,Long Beach,USA,15,62,United States,North America
25389,2022,Graphic Packaging Holding Co,Atlanta,USA,15,49,United States,North America
2285,2022,Boeing Co,Arlington,USA,20,1216,United States,North America
5047,2022,GE Aerospace,Evendale,USA,20,1206,United States,North America
10983,2022,RTX Corp,Arlington,USA,20,1081,United States,North America
1300,2022,Honeywell International Inc,Charlotte,USA,20,735,United States,North America
8972,2022,Raytheon Co.,Waltham,USA,20,703,United States,North America
7435,2022,3M Co,Saint Paul,USA,20,550,United States,North America
2817,2022,Caterpillar Inc,Irving,USA,20,503,United States,North America
3835,2022,DEERE & COMPANY,Moline,USA,20,475,United States,North America
10163,2022,Sundstrand Corp,Rockford,USA,20,346,United States,North America
5878,2022,Illinois Tool Works Inc.,Glenview,USA,20,307,United States,North America
64768,2022,Amazon.com Inc,Seattle,USA,25,2163,United States,North America
4839,2022,Ford Motor Co,Dearborn,USA,25,1449,United States,North America
7906,2022,NIKE Inc,Beaverton,USA,25,1076,United States,North America
5073,2022,General Motors Co,Detroit,USA,25,866,United States,North America
11465,2022,Whirlpool Corp,Benton Harbor,USA,25,325,United States,North America
6946,2022,Magna International Inc,Aurora,CAN,25,275,Canada,North America
114524,2022,eBay Inc.,San Jose,USA,25,239,United States,North America
3734,2022,Dana Inc,Maumee,USA,25,234,United States,North America
63797,2022,ACNielsen Corp,New York,USA,25,232,United States,North America
20644,2022,GoPro Inc,San Mateo,USA,25,188,United States,North America
8762,2022,Procter & Gamble Co (The),Cincinnati,USA,30,579,United States,North America
11259,2022,Walmart Inc,Bentonville,USA,30,222,United States,North America
179621,2022,Philip Morris International Inc,Stamford,USA,30,181,United States,North America
8543,2022,Altria Group Inc,Richmond,USA,30,177,United States,North America
3170,2022,Colgate-Palmolive Co,New York,USA,30,142,United States,North America
3813,2022,Target Corp,Minneapolis,USA,30,134,United States,North America
6435,2022,Kimberly-Clark Corp,Dallas,USA,30,94,United States,North America
11670,2022,Spectrum Brands Holdings Inc,Middleton,USA,30,90,United States,North America
8479,2022,PepsiCo Inc,Purchase,USA,30,73,United States,North America
3026,2022,Church & Dwight Co Inc,Ewing,USA,30,60,United States,North America
6266,2022,Johnson & Johnson,New Brunswick,USA,35,1292,United States,North America
7228,2022,Medtronic PLC,Galway,USA,35,1173,United States,North America
25279,2022,Boston Scientific Corp,Marlborough,USA,35,518,United States,North America
10115,2022,Stryker Corp,Portage,USA,35,501,United States,North America
1078,2022,Abbott Laboratories,North Chicago,USA,35,437,United States,North America
2111,2022,Becton Dickinson and Co,Franklin Lakes,USA,35,437,United States,North America
7257,2022,Merck & Co Inc,Rahway,USA,35,275,United States,North America
3735,2022,Danaher Corp,Washington,USA,35,268,United States,North America
171002,2022,Globus Medical Inc,Audubon,USA,35,226,United States,North America
136725,2022,Intuitive Surgical Inc,Sunnyvale,USA,35,204,United States,North America
30990,2022,Capital One Financial Corp,McLean,USA,40,724,United States,North America
7647,2022,Bank of America Corp,Charlotte,USA,40,609,United States,North America
8007,2022,Wells Fargo & Co,San Francisco,USA,40,407,United States,North America
122554,2022,United Services Auto Assn,San Antonio,USA,40,346,United States,North America
24616,2022,PayPal Holdings Inc,San Jose,USA,40,313,United States,North America
179534,2022,Visa Inc,San Francisco,USA,40,310,United States,North America
160225,2022,Mastercard Inc,Purchase,USA,40,305,United States,North America
122594,2022,State Farm Insurance,Bloomington,USA,40,219,United States,North America
2176,2022,Berkshire Hathaway Inc,Omaha,USA,40,197,United States,North America
2968,2022,JPMorgan Chase & Co,New York,USA,40,191,United States,North America
6066,2022,International Business Machines Corp,Armonk,USA,45,4710,United States,North America
1690,2022,Apple Inc,Cupertino,USA,45,2826,United States,North America
24800,2022,QUALCOMM Inc.,San Diego,USA,45,2664,United States,North America
6008,2022,Intel Corp,Santa Clara,USA,45,2492,United States,North America
14489,2022,Dell Technologies Inc,Round Rock,USA,45,2440,United States,North America
12141,2022,Microsoft Corp,Redmond,USA,45,1955,United States,North America
7343,2022,Micron Technology Inc.,Boise,USA,45,1934,United States,North America
5606,2022,HP Inc,Palo Alto,USA,45,1407,United States,North America
20779,2022,Cisco Systems Inc,San Jose,USA,45,1284,United States,North America
10499,2022,Texas Instruments Inc,Dallas,USA,45,912,United States,North America
160329,2022,Alphabet Inc,Mountain View,USA,50,2335,United States,North America
170617,2022,Meta Platforms Inc,Menlo Park,USA,50,1080,United States,North America
9899,2022,AT&T Inc,Dallas,USA,50,834,United States,North America
2136,2022,Verizon Communications Inc,New York,USA,50,563,United States,North America
17874,2022,T-Mobile US Inc,Bellevue,USA,50,494,United States,North America
30091,2022,Snap Inc,Santa Monica,USA,50,467,United States,North America
3226,2022,Comcast Corp,Philadelphia,USA,50,446,United States,North America
126136,2022,Charter Communications Inc,Stamford,USA,50,196,United States,North America
3980,2022,Walt Disney Co (The),Burbank,USA,50,185,United States,North America
32382,2022,Roku Inc,San Jose,USA,50,130,United States,North America
135990,2022,NRG Energy Inc,Houston,USA,55,27,United States,North America
5808,2022,Hydro Quebec,Montreal,CAN,55,13,Canada,North America
4517,2022,NextEra Energy Inc,Juno Beach,USA,55,11,United States,North America
3413,2022,Consolidated Edison Inc.,New York,USA,55,6,United States,North America
30865,2022,Cinergy Corp.,Cincinnati,USA,55,5,United States,North America
8099,2022,FirstEnergy Corp.,Akron,USA,55,4,United States,North America
4029,2022,Dominion Energy Inc,Richmond,USA,55,3,United States,North America
5742,2022,CenterPoint Energy Inc.,Houston,USA,55,3,United States,North America
8171,2022,Orange & Rockland Utilities,Spring Valley,USA,55,3,United States,North America
8694,2022,Pepco Holdings Inc.,Washington,USA,55,3,United States,North America
187039,2022,Zillow Group Inc,Seattle,USA,60,29,United States,North America
138743,2022,Equinix Inc,Redwood City,USA,60,20,United States,North America
112111,2022,CoStar Group Inc,Washington,USA,60,5,United States,North America
37519,2022,Opendoor Technologies Inc,Tempe,USA,60,4,United States,North America
39357,2022,Doma Holdings Inc,San Francisco,USA,60,4,United States,North America
113490,2022,Crown Castle Inc,Houston,USA,60,2,United States,North America
8824,2022,PGI Inc,Saint Louis,USA,60,1,United States,North America
11220,2022,Vornado Realty Trust,New York,USA,60,1,United States,North America
18875,2022,eXp World Holdings Inc,Bellingham,USA,60,1,United States,North America
19317,2022,America Great Health,Alhambra,USA,60,1,United States,North America
2789,2022,Carrier Corp,Palm Beach Gardens,USA,NA,232,United States,North America
6491,2022,Kohler Co,Kohler,USA,NA,155,United States,North America
8198,2022,Otis Elevator Co,Farmington,USA,NA,133,United States,North America
7224,2022,Medline Industries Inc,Northfield,USA,NA,56,United States,North America
10811,2022,UOP Inc,Des Plaines,USA,NA,36,United States,North America
2910,2022,Chamberlain Manufacturing Co,Chicago,USA,NA,18,United States,North America
9239,2022,Rosemount Inc,Chanhassen,USA,NA,18,United States,North America
6965,2022,Mainstream Engineering Inc,NA,USA,NA,17,United States,North America
5367,2022,Guardian Industries,Auburn Hills,USA,NA,13,United States,North America
2510,2022,Bushnell Communications Ltd,NA,USA,NA,11,United States,North America
213479,2022,TotalEnergies Marketing Kenya PLC,Nairobi,KEN,10,40,Kenya,Other
222111,2022,Petroleo Brasileiro S.A.- Petrobras,Rio De Janeiro,BRA,10,16,Brazil,Other
28520,2022,Ypf Sociedad Anonima Yacimientos Petroliferos Fiscales,Buenos Aires,ARG,10,6,Argentina,Other
282832,2022,Oil Refineries Ltd,Haifa,ISR,10,1,Israel,Other
200499,2022,Vallourec & Mannesmann Tubes,Belo Horizonte,BRA,15,21,Brazil,Other
100465,2022,Sasol Ltd,Johannesburg,ZAF,15,6,South Africa,Other
200976,2022,Braskem SA,Sao Paulo,BRA,15,6,Brazil,Other
213311,2022,Evora SA,Porto Alegre,BRA,15,5,Brazil,Other
209382,2022,Vale SA,Rio De Janeiro,BRA,15,3,Brazil,Other
201022,2022,Cap Sa Cap Compania De Aceros Del Pacifico,Las Condes,CHL,15,2,Chile,Other
219295,2022,Empresa Nacional De Explosivos Sa Enaex,Las Condes,CHL,15,2,Chile,Other
220211,2022,ICL GROUP LTD,Tel Aviv,ISR,15,2,Israel,Other
17315,2022,African Rainbow Minerals Ltd,Sandton,ZAF,15,1,South Africa,Other
33728,2022,Sigma Lithium Corporation,Sao Paulo,BRA,15,1,Brazil,Other
65380,2022,Elbit Systems Ltd,Haifa,ISR,20,22,Israel,Other
222123,2022,Odebrecht SA,Salvador,BRA,20,20,Brazil,Other
23243,2022,Kornit Digital Ltd,Rosh Haayin,ISR,20,10,Israel,Other
213288,2022,Embraer SA,Sao Paulo,BRA,20,10,Brazil,Other
300107,2022,Nano Dimension Ltd,Ness Ziona,ISR,20,7,Israel,Other
289223,2022,Alaris Holdings Ltd,Centurion,ZAF,20,6,South Africa,Other
213287,2022,Embraco SA,Joinville,BRA,20,3,Brazil,Other
311793,2022,Sudamericana Agencias Aereas y Maritimas SA,Las Condes,CHL,20,3,Chile,Other
338366,2022,Augwind Energy Tech Storage Ltd,Yakum,ISR,20,3,Israel,Other
345714,2022,Aquarius Engines (AM) Ltd,Yakum,ISR,20,3,Israel,Other
39325,2022,REE Automotive Ltd,Herzliya,ISR,25,18,Israel,Other
41640,2022,Mobileye Global Inc,Jerusalem,ISR,25,17,Israel,Other
206059,2022,Naspers Ltd,Cape Town,ZAF,25,9,South Africa,Other
275668,2022,Maytronics Ltd,Jezreel Valley,ISR,25,7,Israel,Other
164276,2022,Leatt Corp,Durbanville,ZAF,25,3,South Africa,Other
297402,2022,Tadiran Group Ltd,Petah Tikva,ISR,25,3,Israel,Other
205128,2022,Mahle-Metal Leve Sa,Mogi Guacu,BRA,25,2,Brazil,Other
271218,2022,Grendene SA,Sobral,BRA,25,1,Brazil,Other
23290,2022,Strauss Group Ltd,Petah Tikva,ISR,30,7,Israel,Other
270509,2022,Natura &Co Holding SA,Sao Paulo,BRA,30,6,Brazil,Other
35355,2022,Else Nutrition Holdings Inc,Tel Aviv,ISR,30,1,Israel,Other
224647,2022,Tamda Ltd,Tel Aviv,ISR,30,1,Israel,Other
230388,2022,B.S.D Crown Ltd,Ramat Gan,ISR,30,1,Israel,Other
285188,2022,Marfrig Global Foods SA,Sao Paulo,BRA,30,1,Brazil,Other
348892,2022,Steakholder Foods Ltd,Rehovot,ISR,30,1,Israel,Other
14538,2022,Teva Pharmaceutical Industries Ltd,Tel Aviv,ISR,35,34,Israel,Other
286396,2022,Evogene Ltd,Rehovot,ISR,35,18,Israel,Other
275799,2022,Xylo Technologies Ltd,Tel Aviv,ISR,35,7,Israel,Other
19845,2022,Lumenis Ltd,Yokne'am,ISR,35,5,Israel,Other
35008,2022,Enlivex Therapeutics Ltd,Ness Ziona,ISR,35,4,Israel,Other
36857,2022,Nano X Imaging Ltd,Petah Tikva,ISR,35,4,Israel,Other
160902,2022,Syneron Medical Ltd,Yokneam Illit,ISR,35,4,Israel,Other
21022,2022,Mapi - Pharma Ltd,Ness Ziona,ISR,35,3,Israel,Other
294858,2022,Aposense Ltd,Petah Tikva,ISR,35,3,Israel,Other
350000,2022,Hodayat Haaretz Ltd,Tel Aviv,ISR,35,3,Israel,Other
209957,2022,Boe Ltd,Cape Town,ZAF,40,282,South Africa,Other
240228,2022,Discovery Ltd,Johannesburg,ZAF,40,2,South Africa,Other
119754,2022,EFG Holding Company,6th of October City,EGY,40,1,Egypt,Other
61902,2022,NICE Ltd,Ra'anana,ISR,45,60,Israel,Other
38822,2022,monday com Ltd,Tel Aviv,ISR,45,47,Israel,Other
23119,2022,SolarEdge Technologies Inc,Herzliya,ISR,45,34,Israel,Other
21002,2022,CyberArk Software Ltd,Petah Tikva,ISR,45,21,Israel,Other
37895,2022,Cognyte Software Ltd,Herzliya,ISR,45,17,Israel,Other
125074,2022,Radware Ltd,Tel Aviv,ISR,45,13,Israel,Other
18869,2022,Wix.com Ltd,Tel Aviv,ISR,45,12,Israel,Other
133905,2022,Nova Ltd,Rehovot,ISR,45,12,Israel,Other
63185,2022,Check Point Software Technologies Ltd,Tel Aviv,ISR,45,7,Israel,Other
31255,2022,Tower Semiconductor Ltd,Migdal Haemek,ISR,45,5,Israel,Other
292292,2022,Wilk Technologies Ltd,Rehovot,ISR,50,6,Israel,Other
165923,2022,Perion Network Ltd,Holon,ISR,50,1,Israel,Other
317637,2022,Nexxen International Ltd,Tel Aviv-Yafo,ISR,50,1,Israel,Other
268844,2022,Energisa SA,Cataguases,BRA,55,2,Brazil,Other
275787,2022,Light SA,Rio De Janeiro,BRA,55,2,Brazil,Other
292414,2022,Enlight Renewable Energy Ltd,Rosh Haayin,ISR,55,2,Israel,Other
317586,2022,OCP S.A.,Casablanca,MAR,NA,2,Morocco,Other
334426,2023,Saudi Arabian Oil Company,Dhahran,SAU,10,760,Saudi Arabia,Asia Pacific
285205,2023,SK Innovation Co Ltd,Seoul,KOR,10,80,South Korea,Asia Pacific
279449,2023,Idemitsu Kosan Co Ltd,Tokyo,JPN,10,60,Japan,Asia Pacific
293812,2023,Yantai Jereh Oilfield Services Group Co Ltd,Yantai City,CHN,10,36,China,Asia Pacific
207074,2023,Reliance Industries Ltd,Mumbai,IND,10,31,India,Asia Pacific
140756,2023,CHINA PETROLEUM & CHEMICAL CORPORATION,Beijing,CHN,10,29,China,Asia Pacific
212777,2023,Indian Oil Corp Ltd,New Delhi,IND,10,25,India,Asia Pacific
100158,2023,ENEOS Holdings Inc,Tokyo,JPN,10,20,Japan,Asia Pacific
203741,2023,SK Discovery Co Ltd,Seongnam-si,KOR,10,6,South Korea,Asia Pacific
133870,2023,PetroChina Company Limited,Beijing,CHN,10,5,China,Asia Pacific
245036,2023,Lg Chem Ltd,Seoul,KOR,15,595,South Korea,Asia Pacific
100689,2023,Sumitomo Chemical Co Ltd,Tokyo,JPN,15,159,Japan,Asia Pacific
100697,2023,Shin-Etsu Chemical Co Ltd,Tokyo,JPN,15,143,Japan,Asia Pacific
100258,2023,Asahi Kasei Corp,Tokyo,JPN,15,125,Japan,Asia Pacific
100155,2023,Nippon Steel Corp,Tokyo,JPN,15,119,Japan,Asia Pacific
19045,2023,Mitsubishi Chemical Group Corporation,Tokyo,JPN,15,95,Japan,Asia Pacific
100696,2023,Resonac Holdings Corporation,Tokyo,JPN,15,82,Japan,Asia Pacific
253738,2023,Jfe Holdings Inc,Tokyo,JPN,15,77,Japan,Asia Pacific
100724,2023,Toray Industries Inc,Tokyo,JPN,15,76,Japan,Asia Pacific
104598,2023,POSCO Holdings Inc,Seoul,KOR,15,74,South Korea,Asia Pacific
19043,2023,Mitsubishi Electric Corp,Tokyo,JPN,20,617,Japan,Asia Pacific
10622,2023,Toshiba Corp,Tokyo,JPN,20,568,Japan,Asia Pacific
5650,2023,Hitachi Ltd,Tokyo,JPN,20,535,Japan,Asia Pacific
103409,2023,Techtronic Industries Co Ltd,Kwai Chung,HKG,20,251,"Hong Kong, SAR China",Asia Pacific
100048,2023,Fanuc Corp,Yamanashi,JPN,20,237,Japan,Asia Pacific
100012,2023,Mitsubishi Heavy Industries Ltd,Tokyo,JPN,20,220,Japan,Asia Pacific
102773,2023,Nichias Corp,Tokyo,JPN,20,212,Japan,Asia Pacific
101138,2023,Daikin Industries Ltd,Osaka,JPN,20,161,Japan,Asia Pacific
327415,2023,Contemporary Amperex Technology Co Ltd,Ningde,CHN,20,156,China,Asia Pacific
221821,2023,Nidec Corporation,Kyoto,JPN,20,133,Japan,Asia Pacific
251303,2023,Lg Electronics Inc,Seoul,KOR,25,2013,South Korea,Asia Pacific
19661,2023,Toyota Motor Corp,Toyota,JPN,25,1990,Japan,Asia Pacific
9818,2023,Sony Group Corporation,Tokyo,JPN,25,1552,Japan,Asia Pacific
104607,2023,Hyundai Motor Co,Seoul,KOR,25,1324,South Korea,Asia Pacific
104606,2023,Kia Corporation,Seoul,KOR,25,1216,South Korea,Asia Pacific
7114,2023,Panasonic Holdings Corporation,Kadoma,JPN,25,993,Japan,Asia Pacific
5691,2023,Honda Motor Co Ltd,Tokyo,JPN,25,886,Japan,Asia Pacific
19112,2023,Denso Corp,Kariya,JPN,25,535,Japan,Asia Pacific
100699,2023,Sharp Corp,Sakai,JPN,25,388,Japan,Asia Pacific
203215,2023,Hyundai Mobis,Seoul,KOR,25,310,South Korea,Asia Pacific
18715,2023,Kao Corp,Tokyo,JPN,30,62,Japan,Asia Pacific
286420,2023,CJ CheilJedang Corp,Seoul,KOR,30,62,South Korea,Asia Pacific
223528,2023,Japan Tobacco Inc,Tokyo,JPN,30,60,Japan,Asia Pacific
234376,2023,Kt&G Corp,Daejeon,KOR,30,43,South Korea,Asia Pacific
19344,2023,Shiseido Co Ltd,Tokyo,JPN,30,30,Japan,Asia Pacific
273961,2023,Seven & I Holdings Co Ltd,Tokyo,JPN,30,29,Japan,Asia Pacific
322126,2023,OPPLE Lighting Co Ltd,Shanghai,CHN,30,29,China,Asia Pacific
338946,2023,Smoore International Holdings Ltd,Shenzhen,CHN,30,23,China,Asia Pacific
278216,2023,Amorepacific Corp,Seoul,KOR,30,22,South Korea,Asia Pacific
245697,2023,LG H&H Co Ltd,Seoul,KOR,30,20,South Korea,Asia Pacific
100686,2023,Olympus Corp,Tokyo,JPN,35,223,Japan,Asia Pacific
102146,2023,Terumo Corp,Tokyo,JPN,35,119,Japan,Asia Pacific
354265,2023,Shanghai United Imaging Healthcare Co Ltd,Shanghai,CHN,35,114,China,Asia Pacific
101256,2023,Fisher & Paykel Healthcare Corp Ltd,Auckland,NZL,35,92,New Zealand,Asia Pacific
100718,2023,Takeda Pharmaceutical Co Ltd,Tokyo,JPN,35,60,Japan,Asia Pacific
100433,2023,Hoya Corp,Tokyo,JPN,35,58,Japan,Asia Pacific
212635,2023,Cochlear Ltd,Sydney,AUS,35,57,Australia,Asia Pacific
212712,2023,Sysmex Corp,Kobe,JPN,35,47,Japan,Asia Pacific
175612,2023,Mindray Medical International Ltd,Shenzhen,CHN,35,38,China,Asia Pacific
296288,2023,Otsuka Holdings Co Ltd,Tokyo,JPN,35,38,Japan,Asia Pacific
356377,2023,Rakuten Bank Ltd,Tokyo,JPN,40,25,Japan,Asia Pacific
160709,2023,Ping An Insurance Group Co of China Ltd,Shenzhen,CHN,40,18,China,Asia Pacific
293515,2023,Hithink RoyalFlush Information Network Co Ltd,Hangzhou,CHN,40,6,China,Asia Pacific
349926,2023,KakaoBank Corp,Seongnam-si,KOR,40,6,South Korea,Asia Pacific
239116,2023,Insurance Australia Group Ltd,Sydney,AUS,40,3,Australia,Asia Pacific
318207,2023,Pushpay Holdings Ltd,Auckland,NZL,40,3,New Zealand,Asia Pacific
34603,2023,Futu Holdings Limited,Admiralty,HKG,40,2,"Hong Kong, SAR China",Asia Pacific
212856,2023,Macquarie Group Ltd,Sydney,AUS,40,2,Australia,Asia Pacific
248136,2023,Mizuho Financial Group Inc,Tokyo,JPN,40,2,Japan,Asia Pacific
25249,2023,Daishin Securities Co Ltd,Seoul,KOR,40,1,South Korea,Asia Pacific
104604,2023,Samsung Electronics Co Ltd,Suwon,KOR,45,7167,South Korea,Asia Pacific
201395,2023,Taiwan Semiconductor Manufacturing Co Ltd,Hsinchu City,TWN,45,2512,Taiwan,Asia Pacific
2721,2023,Canon Inc,Tokyo,JPN,45,2116,Japan,Asia Pacific
242058,2023,Boe Technology Group Co Ltd,Beijing,CHN,45,1185,China,Asia Pacific
4925,2023,Fujifilm Holdings Corp,Tokyo,JPN,45,912,Japan,Asia Pacific
257018,2023,Seiko Epson Corp,Suwa,JPN,45,868,Japan,Asia Pacific
204049,2023,SK Hynix Inc,Icheon-Si,KOR,45,673,South Korea,Asia Pacific
100226,2023,Murata Manufacturing Co Ltd,Nagaokakyo,JPN,45,632,Japan,Asia Pacific
7652,2023,Nec Corp,Tokyo,JPN,45,628,Japan,Asia Pacific
160739,2023,LG Display Co Ltd,Seoul,KOR,45,579,South Korea,Asia Pacific
7908,2023,Nippon Telegraph and Telephone Corporation,Tokyo,JPN,50,514,Japan,Asia Pacific
164532,2023,Baidu Inc,Beijing,CHN,50,472,China,Asia Pacific
270615,2023,Tencent Holdings LTD,Shenzhen,CHN,50,472,China,Asia Pacific
203480,2023,SK Telecom Co Ltd,Seoul,KOR,50,64,South Korea,Asia Pacific
346434,2023,Kuaishou Technology,Beijing,CHN,50,59,China,Asia Pacific
102450,2023,Nintendo Co Ltd,Kyoto,JPN,50,57,Japan,Asia Pacific
290702,2023,GREE Holdings Inc,Tokyo,JPN,50,56,Japan,Asia Pacific
214509,2023,LY Corporation,Chiyoda,JPN,50,51,Japan,Asia Pacific
204222,2023,Softbank Group Corp,Tokyo,JPN,50,41,Japan,Asia Pacific
251201,2023,Beyon B S C,Manama,BHR,50,39,Bahrain,Asia Pacific
30874,2023,Korea Electric Power Corp,Naju-Si,KOR,55,17,South Korea,Asia Pacific
100846,2023,Osaka Gas Co Ltd,Osaka,JPN,55,9,Japan,Asia Pacific
100302,2023,Kansai Electric Power Co Inc,Osaka,JPN,55,3,Japan,Asia Pacific
100848,2023,Tokyo Gas Co Ltd,Tokyo,JPN,55,3,Japan,Asia Pacific
104474,2023,YTl Corp Berhad,Kuala Lumpur,MYS,55,3,Malaysia,Asia Pacific
100439,2023,Chugoku Electric Power Co Inc,Hiroshima,JPN,55,2,Japan,Asia Pacific
319832,2023,China National Nuclear Power Co Ltd,Beijing,CHN,55,2,China,Asia Pacific
30570,2023,Shandong Huaneng Power Dev,Jinan,CHN,55,1,China,Asia Pacific
30747,2023,Huaneng Power International Inc,Beijing,CHN,55,1,China,Asia Pacific
100488,2023,Kyushu Electric Power Co Inc,Fukuoka City,JPN,55,1,Japan,Asia Pacific
200477,2023,Peking University Resources (Holdings) Co Ltd,Causeway Bay,HKG,60,17,"Hong Kong, SAR China",Asia Pacific
100436,2023,Daikyo Inc,Tokyo,JPN,60,4,Japan,Asia Pacific
242644,2023,Sunland Group Ltd Sdg,Surfers Paradise,AUS,60,3,Australia,Asia Pacific
259184,2023,SC Asset Corp Public Co Ltd,Bangkok,THA,60,3,Thailand,Asia Pacific
100918,2023,LendLease Group,Barangaroo,AUS,60,2,Australia,Asia Pacific
270750,2023,Quzhou Xin an Development Co Ltd,Hangzhou,CHN,60,2,China,Asia Pacific
273658,2023,Land Business Co Ltd,Chiyoda,JPN,60,2,Japan,Asia Pacific
102106,2023,China Overseas Grand Oceans Group Ltd,Hong Kong,HKG,60,1,"Hong Kong, SAR China",Asia Pacific
320993,2023,MIGALO HOLDINGS Inc,Tokyo,JPN,60,1,Japan,Asia Pacific
324979,2023,J.S.B. Co Ltd,Kyoto,JPN,60,1,Japan,Asia Pacific
202875,2023,KDK Corp,Kyoto,JPN,NA,10,Japan,Asia Pacific
321386,2023,Suntory Holdings Ltd,Tokyo,JPN,NA,5,Japan,Asia Pacific
320661,2023,Glac Biotech Co Ltd,Tainan,TWN,NA,4,Taiwan,Asia Pacific
332577,2023,Supernet Technologies Ltd,Karachi,PAK,NA,3,Pakistan,Asia Pacific
102484,2023,Donaghys Ltd,Christchurch,NZL,NA,1,New Zealand,Asia Pacific
206098,2023,Wako Electric Co Ltd,Tsukubamirai,JPN,NA,1,Japan,Asia Pacific
343791,2023,ThroughTek Co Ltd,Taipei,TWN,NA,1,Taiwan,Asia Pacific
24625,2023,TotalEnergies SE,Courbevoie,FRA,10,55,France,Europe
12384,2023,Shell Plc,London,GBR,10,26,United Kingdom,Europe
216613,2023,TGS ASA,Oslo,NOR,10,25,Norway,Europe
102983,2023,Viridien Societe anonyme,Massy,FRA,10,16,France,Europe
220546,2023,Equinor ASA,Stavanger,NOR,10,15,Norway,Europe
272746,2023,Neste OYJ,Espoo,FIN,10,14,Finland,Europe
2410,2023,BP plc,London,GBR,10,11,United Kingdom,Europe
61616,2023,Eni SpA,Rome,ITA,10,11,Italy,Europe
101083,2023,Saipem SpA,Milan,ITA,10,10,Italy,Europe
101861,2023,Hunting PLC,London,GBR,10,10,United Kingdom,Europe
17436,2023,BASF SE,Ludwigshafen am Rhein,DEU,15,256,Germany,Europe
241216,2023,"Syngenta AG, Basel",Basel,CHE,15,80,Switzerland,Europe
101202,2023,L'Air Liquide SA,Paris,FRA,15,74,France,Europe
295421,2023,Evonik Industries AG,Essen,DEU,15,72,Germany,Europe
102454,2023,DSM Firmenich AG,Kaiseraugst,CHE,15,67,Switzerland,Europe
277043,2023,Arkema,Colombes,FRA,15,67,France,Europe
320448,2023,Covestro AG,Leverkusen,DEU,15,63,Germany,Europe
101394,2023,"Solvay SA, Bruxelles",Brussels,BEL,15,47,Belgium,Europe
200460,2023,Borealis,Vienna,AUT,15,43,Austria,Europe
65248,2023,Arcelormittal,Luxembourg City,LUX,15,39,Luxembourg,Europe
220833,2023,Airbus SE,Leiden,NLD,20,359,Netherlands,Europe
6268,2023,Johnson Controls International Plc,Cork,IRL,20,354,Ireland,Europe
19349,2023,Siemens AG,Munich,DEU,20,335,Germany,Europe
101305,2023,Safran SA,Paris,FRA,20,311,France,Europe
100499,2023,Rolls Royce Holdings PLC,London,GBR,20,282,United Kingdom,Europe
210418,2023,ABB Ltd,Zurich,CHE,20,275,Switzerland,Europe
295786,2023,CNH Industrial N V,Basildon,GBR,20,240,United Kingdom,Europe
4199,2023,Eaton Corporation plc,Dublin,IRL,20,201,Ireland,Europe
101811,2023,Compagnie de Saint Gobain S A,Courbevoie,FRA,20,136,France,Europe
11749,2023,Svenska Kullagerfabriken Skf AB,Gothenburg,SWE,20,132,Sweden,Europe
100737,2023,Volkswagen AG,Wolfsburg,DEU,25,422,Germany,Europe
101347,2023,Swatch Group AG,Biel/Bienne,CHE,25,231,Switzerland,Europe
100022,2023,Bayerische Motoren Werke Aktiengesellschaft,Munich,DEU,25,206,Germany,Europe
100609,2023,Continental AG,Hanover,DEU,25,192,Germany,Europe
118122,2023,Aptiv PLC,Schaffhausen,CHE,25,161,Switzerland,Europe
102299,2023,Forvia SE,Nanterre,FRA,25,140,France,Europe
245918,2023,International Game Technology PLC,London,GBR,25,131,United Kingdom,Europe
320124,2023,Schaeffler AG,Herzogenaurach,DEU,25,128,Germany,Europe
102523,2023,Valeo SE,Paris,FRA,25,125,France,Europe
350952,2023,Volvo Car AB publ,Gothenburg,SWE,25,118,Sweden,Europe
100581,2023,LOreal SA,Clichy,FRA,30,131,France,Europe
101942,2023,Henkel AG & Co KGaA,Dusseldorf,DEU,30,110,Germany,Europe
16603,2023,"Nestle SA, Cham Und Vevey",Vevey,CHE,30,87,Switzerland,Europe
1932,2023,British American Tobacco PLC,London,GBR,30,73,United Kingdom,Europe
10846,2023,Unilever PLC,London,GBR,30,47,United Kingdom,Europe
295113,2023,Ocado Group PLC,Hatfield,GBR,30,31,United Kingdom,Europe
324770,2023,Essity Aktiebolag,Stockholm,SWE,30,28,Sweden,Europe
210918,2023,Vilmorin & Cie SA,Paris,FRA,30,12,France,Europe
241637,2023,Anheuser-Busch InBev SA/NV,Leuven,BEL,30,12,Belgium,Europe
100775,2023,Koninklijke Numico NV,Hoofddorp,NLD,30,11,Netherlands,Europe
8546,2023,Koninklijke Philips NV,Amsterdam,NLD,35,621,Netherlands,Europe
326765,2023,Siemens Healthineers AG,Forchheim,DEU,35,396,Germany,Europe
25648,2023,Roche Holding AG,Basel,CHE,35,336,Switzerland,Europe
100080,2023,Bayer AG,Leverkusen,DEU,35,258,Germany,Europe
101204,2023,Sanofi,Paris,FRA,35,138,France,Europe
101317,2023,Smith & Nephew PLC,Watford,GBR,35,130,United Kingdom,Europe
35056,2023,Alcon Inc,Geneva,CHE,35,97,Switzerland,Europe
5180,2023,GSK plc,Brentford,GBR,35,84,United Kingdom,Europe
212782,2023,Fresenius Medical Care AG,Bad Homburg,DEU,35,83,Germany,Europe
101310,2023,Novartis AG,Basel,CHE,35,69,Switzerland,Europe
3221,2023,Aon plc,Dublin,IRL,40,11,Ireland,Europe
246706,2023,London Stock Exchange Group PLC,London,GBR,40,6,United Kingdom,Europe
12673,2023,Barclays PLC,London,GBR,40,4,United Kingdom,Europe
63546,2023,"Schweizerische Rueckversicherungs-Gesellschaft, Zuerich",Zurich,CHE,40,4,Switzerland,Europe
21408,2023,Groupe Bruxelles Lambert SA,Brussels,BEL,40,3,Belgium,Europe
210835,2023,3I Group PLC,London,GBR,40,3,United Kingdom,Europe
15703,2023,KBC Group NV,Brussels,BEL,40,2,Belgium,Europe
223522,2023,Chesterton Inernational PLC,London,GBR,40,2,United Kingdom,Europe
227537,2023,Eurobank Ergasias Services and Holdings SA,Athens,GRC,40,2,Greece,Europe
288153,2023,Phoenix Group Holdings,London,GBR,40,2,United Kingdom,Europe
4439,2023,Telefonaktiebolaget LM Ericsson (publ),Stockholm,SWE,45,857,Sweden,Europe
132740,2023,Infineon Technologies AG,Neubiberg,DEU,45,540,Germany,Europe
23671,2023,Nokia OYJ,Espoo,FIN,45,503,Finland,Europe
31142,2023,STMicroelectronics NV,Schiphol,NLD,45,502,Netherlands,Europe
103487,2023,SAP SE,Walldorf,DEU,45,384,Germany,Europe
184725,2023,NXP Semiconductors NV,Eindhoven,NLD,45,325,Netherlands,Europe
61214,2023,ASML Holding NV,Veldhoven,NLD,45,175,Netherlands,Europe
177267,2023,TE Connectivity plc,Ballybrit,IRL,45,173,Ireland,Europe
43285,2023,Arm Holdings plc,Cambridge,GBR,45,166,United Kingdom,Europe
210884,2023,Imagination Technologies Group PLC,Kings Langley,GBR,45,127,United Kingdom,Europe
33175,2023,Spotify Technology SA,Luxembourg City,LUX,50,66,Luxembourg,Europe
220940,2023,Orange SA,Issy-les-Moulineaux,FRA,50,61,France,Europe
61440,2023,Koninklijke Kpn NV,Rotterdam,NLD,50,56,Netherlands,Europe
2411,2023,BT Group PLC,London,GBR,50,40,United Kingdom,Europe
221616,2023,Deutsche Telekom AG,Bonn,DEU,50,16,Germany,Europe
19151,2023,Telecom Italia SPA,Rome,ITA,50,9,Italy,Europe
114927,2023,"Swisscom AG, Ittigen",Bern,CHE,50,6,Switzerland,Europe
243787,2023,Orange SA,Paris,FRA,50,6,France,Europe
282834,2023,Hawe SA,Warsaw,POL,50,5,Poland,Europe
14605,2023,WPP PLC,London,GBR,50,4,United Kingdom,Europe
220920,2023,EDF,Paris,FRA,55,19,France,Europe
213423,2023,Centrica PLC,Windsor,GBR,55,8,United Kingdom,Europe
238616,2023,Veolia Environnement SA,Paris,FRA,55,6,France,Europe
289259,2023,Vigie SA,Paris,FRA,55,6,France,Europe
100590,2023,E.ON SE,Essen,DEU,55,4,Germany,Europe
201794,2023,Enel SpA,Rome,ITA,55,3,Italy,Europe
100953,2023,RWE Aktiengesellschaft,Essen,DEU,55,2,Germany,Europe
220942,2023,Engie SA,Courbevoie,FRA,55,2,France,Europe
211819,2023,National Grid plc,London,GBR,55,1,United Kingdom,Europe
216524,2023,ENBW Energie Baden-Wuerttemberg AG,Karlsruhe,DEU,55,1,Germany,Europe
210446,2023,MRM Sa,Paris,FRA,60,1,France,Europe
202242,2023,A. Friedr. Flender GmbH,Bocholt,DEU,NA,8,Germany,Europe
211865,2023,Suunto Oy,Vantaa,FIN,NA,6,Finland,Europe
215449,2023,Ulstein Holding ASA,Ulsteinvik,NOR,NA,3,Norway,Europe
318761,2023,EuroChem Group AG,Zug,CHE,NA,2,Switzerland,Europe
101167,2023,Ipeco Holdings PLC,Southend On Sea,GBR,NA,1,United Kingdom,Europe
210944,2023,Tracker Network PLC,Uxbridge,GBR,NA,1,United Kingdom,Europe
342990,2023,SulNOx Group PLC,London,GBR,NA,1,United Kingdom,Europe
347021,2023,Genomtec S.A.,Wroclaw,POL,NA,1,Poland,Europe
354233,2023,Railway Metrics and Dynamics Sweden AB publ,Stockholm,SWE,NA,1,Sweden,Europe
5439,2023,Halliburton Co,Houston,USA,10,576,United States,North America
9465,2023,Schlumberger Ltd,Houston,USA,10,251,United States,North America
4503,2023,Exxon Mobil Corp,Spring,USA,10,184,United States,North America
29849,2023,Western Atlas Inc,Houston,USA,10,167,United States,North America
2991,2023,Chevron Corp,San Ramon,USA,10,76,United States,North America
4367,2023,Weatherford International plc,Houston,USA,10,52,United States,North America
22794,2023,BJ Services Co,Houston,USA,10,48,United States,North America
32106,2023,Baker Hughes a GE Co,Houston,USA,10,48,United States,North America
63892,2023,NOV Inc,Houston,USA,10,38,United States,North America
30923,2023,TechnipFMC plc,Houston,USA,10,34,United States,North America
35168,2023,Corteva Inc,Indianapolis,USA,15,296,United States,North America
34443,2023,Dow Inc,Midland,USA,15,167,United States,North America
4060,2023,DuPont  De Nemours Inc,Wilmington,USA,15,84,United States,North America
4213,2023,Ecolab Inc.,Saint Paul,USA,15,82,United States,North America
8247,2023,PPG Industries Inc.,Pittsburgh,USA,15,56,United States,North America
148210,2023,Chevron Phillips Chemical Co LLC,The Woodlands,USA,15,54,United States,North America
1913,2023,Avery Dennison Corp,Mentor,USA,15,52,United States,North America
20194,2023,Hauser Inc,Long Beach,USA,15,52,United States,North America
9667,2023,Sherwin-Williams Co (The),Cleveland,USA,15,39,United States,North America
25389,2023,Graphic Packaging Holding Co,Atlanta,USA,15,37,United States,North America
10983,2023,RTX Corp,Arlington,USA,20,856,United States,North America
5047,2023,GE Aerospace,Evendale,USA,20,812,United States,North America
2285,2023,Boeing Co,Arlington,USA,20,709,United States,North America
1300,2023,Honeywell International Inc,Charlotte,USA,20,602,United States,North America
2817,2023,Caterpillar Inc,Irving,USA,20,404,United States,North America
3835,2023,DEERE & COMPANY,Moline,USA,20,355,United States,North America
8972,2023,Raytheon Co.,Waltham,USA,20,348,United States,North America
7435,2023,3M Co,Saint Paul,USA,20,330,United States,North America
5878,2023,Illinois Tool Works Inc.,Glenview,USA,20,264,United States,North America
10163,2023,Sundstrand Corp,Rockford,USA,20,261,United States,North America
64768,2023,Amazon.com Inc,Seattle,USA,25,1348,United States,North America
4839,2023,Ford Motor Co,Dearborn,USA,25,1140,United States,North America
7906,2023,NIKE Inc,Beaverton,USA,25,997,United States,North America
5073,2023,General Motors Co,Detroit,USA,25,721,United States,North America
11465,2023,Whirlpool Corp,Benton Harbor,USA,25,293,United States,North America
6946,2023,Magna International Inc,Aurora,CAN,25,223,Canada,North America
63797,2023,ACNielsen Corp,New York,USA,25,222,United States,North America
114524,2023,eBay Inc.,San Jose,USA,25,199,United States,North America
20644,2023,GoPro Inc,San Mateo,USA,25,167,United States,North America
3734,2023,Dana Inc,Maumee,USA,25,166,United States,North America
8762,2023,Procter & Gamble Co (The),Cincinnati,USA,30,471,United States,North America
11259,2023,Walmart Inc,Bentonville,USA,30,197,United States,North America
8543,2023,Altria Group Inc,Richmond,USA,30,159,United States,North America
179621,2023,Philip Morris International Inc,Stamford,USA,30,93,United States,North America
3813,2023,Target Corp,Minneapolis,USA,30,92,United States,North America
3170,2023,Colgate-Palmolive Co,New York,USA,30,75,United States,North America
6435,2023,Kimberly-Clark Corp,Dallas,USA,30,72,United States,North America
11670,2023,Spectrum Brands Holdings Inc,Middleton,USA,30,50,United States,North America
8479,2023,PepsiCo Inc,Purchase,USA,30,47,United States,North America
41957,2023,Ispire Technology Inc,Los Angeles,USA,30,46,United States,North America
6266,2023,Johnson & Johnson,New Brunswick,USA,35,984,United States,North America
7228,2023,Medtronic PLC,Galway,USA,35,950,United States,North America
10115,2023,Stryker Corp,Portage,USA,35,421,United States,North America
2111,2023,Becton Dickinson and Co,Franklin Lakes,USA,35,369,United States,North America
25279,2023,Boston Scientific Corp,Marlborough,USA,35,350,United States,North America
1078,2023,Abbott Laboratories,North Chicago,USA,35,279,United States,North America
136725,2023,Intuitive Surgical Inc,Sunnyvale,USA,35,193,United States,North America
171002,2023,Globus Medical Inc,Audubon,USA,35,175,United States,North America
3735,2023,Danaher Corp,Washington,USA,35,173,United States,North America
7257,2023,Merck & Co Inc,Rahway,USA,35,155,United States,North America
30990,2023,Capital One Financial Corp,McLean,USA,40,730,United States,North America
7647,2023,Bank of America Corp,Charlotte,USA,40,458,United States,North America
8007,2023,Wells Fargo & Co,San Francisco,USA,40,405,United States,North America
122554,2023,United Services Auto Assn,San Antonio,USA,40,258,United States,North America
179534,2023,Visa Inc,San Francisco,USA,40,245,United States,North America
24616,2023,PayPal Holdings Inc,San Jose,USA,40,244,United States,North America
160225,2023,Mastercard Inc,Purchase,USA,40,204,United States,North America
122594,2023,State Farm Insurance,Bloomington,USA,40,202,United States,North America
2968,2023,JPMorgan Chase & Co,New York,USA,40,173,United States,North America
2176,2023,Berkshire Hathaway Inc,Omaha,USA,40,135,United States,North America
6066,2023,International Business Machines Corp,Armonk,USA,45,3031,United States,North America
24800,2023,QUALCOMM Inc.,San Diego,USA,45,2867,United States,North America
1690,2023,Apple Inc,Cupertino,USA,45,2072,United States,North America
7343,2023,Micron Technology Inc.,Boise,USA,45,1731,United States,North America
6008,2023,Intel Corp,Santa Clara,USA,45,1670,United States,North America
14489,2023,Dell Technologies Inc,Round Rock,USA,45,1468,United States,North America
12141,2023,Microsoft Corp,Redmond,USA,45,1380,United States,North America
20779,2023,Cisco Systems Inc,San Jose,USA,45,973,United States,North America
10499,2023,Texas Instruments Inc,Dallas,USA,45,722,United States,North America
1704,2023,Applied Materials Inc,Santa Clara,USA,45,696,United States,North America
160329,2023,Alphabet Inc,Mountain View,USA,50,2019,United States,North America
170617,2023,Meta Platforms Inc,Menlo Park,USA,50,795,United States,North America
9899,2023,AT&T Inc,Dallas,USA,50,505,United States,North America
30091,2023,Snap Inc,Santa Monica,USA,50,498,United States,North America
17874,2023,T-Mobile US Inc,Bellevue,USA,50,485,United States,North America
2136,2023,Verizon Communications Inc,New York,USA,50,399,United States,North America
3226,2023,Comcast Corp,Philadelphia,USA,50,391,United States,North America
126136,2023,Charter Communications Inc,Stamford,USA,50,167,United States,North America
3980,2023,Walt Disney Co (The),Burbank,USA,50,133,United States,North America
2884,2023,Lumen Technologies Inc,Monroe,USA,50,109,United States,North America
5808,2023,Hydro Quebec,Montreal,CAN,55,13,Canada,North America
135990,2023,NRG Energy Inc,Houston,USA,55,11,United States,North America
4517,2023,NextEra Energy Inc,Juno Beach,USA,55,10,United States,North America
3413,2023,Consolidated Edison Inc.,New York,USA,55,7,United States,North America
4093,2023,Duke Energy Corp,Charlotte,USA,55,6,United States,North America
4029,2023,Dominion Energy Inc,Richmond,USA,55,3,United States,North America
7904,2023,Nicor Inc.,Naperville,USA,55,3,United States,North America
160913,2023,Ormat Technologies Inc,Reno,USA,55,3,United States,North America
2986,2023,Chesapeake Utilities Corp.,Dover,USA,55,2,United States,North America
8264,2023,PG&E Corp,Oakland,USA,55,2,United States,North America
138743,2023,Equinix Inc,Redwood City,USA,60,19,United States,North America
187039,2023,Zillow Group Inc,Seattle,USA,60,13,United States,North America
112111,2023,CoStar Group Inc,Washington,USA,60,9,United States,North America
39357,2023,Doma Holdings Inc,San Francisco,USA,60,4,United States,North America
65108,2023,Jones Lang LaSalle Inc,Chicago,USA,60,3,United States,North America
8824,2023,PGI Inc,Saint Louis,USA,60,1,United States,North America
34382,2023,Avalon GloboCare Corp,Freehold,USA,60,1,United States,North America
37519,2023,Opendoor Technologies Inc,Tempe,USA,60,1,United States,North America
160991,2023,Digital Realty Trust Inc,Austin,USA,60,1,United States,North America
6491,2023,Kohler Co,Kohler,USA,NA,133,United States,North America
2789,2023,Carrier Corp,Palm Beach Gardens,USA,NA,111,United States,North America
8198,2023,Otis Elevator Co,Farmington,USA,NA,72,United States,North America
7224,2023,Medline Industries Inc,Northfield,USA,NA,58,United States,North America
10811,2023,UOP Inc,Des Plaines,USA,NA,34,United States,North America
2910,2023,Chamberlain Manufacturing Co,Chicago,USA,NA,12,United States,North America
7089,2023,Masonite Corp,Tampa,USA,NA,11,United States,North America
9239,2023,Rosemount Inc,Chanhassen,USA,NA,11,United States,North America
2510,2023,Bushnell Communications Ltd,NA,USA,NA,9,United States,North America
5367,2023,Guardian Industries,Auburn Hills,USA,NA,9,United States,North America
222111,2023,Petroleo Brasileiro S.A.- Petrobras,Rio De Janeiro,BRA,10,21,Brazil,Other
213479,2023,TotalEnergies Marketing Kenya PLC,Nairobi,KEN,10,16,Kenya,Other
28520,2023,Ypf Sociedad Anonima Yacimientos Petroliferos Fiscales,Buenos Aires,ARG,10,3,Argentina,Other
282832,2023,Oil Refineries Ltd,Haifa,ISR,10,2,Israel,Other
287882,2023,Ecopetrol SA,Bogota,COL,10,1,Colombia,Other
200499,2023,Vallourec & Mannesmann Tubes,Belo Horizonte,BRA,15,9,Brazil,Other
200976,2023,Braskem SA,Sao Paulo,BRA,15,6,Brazil,Other
213311,2023,Evora SA,Porto Alegre,BRA,15,3,Brazil,Other
34945,2023,Bioceres Crop Solutions Corp,Rosario,ARG,15,2,Argentina,Other
200512,2023,Suzano SA,Salvador,BRA,15,2,Brazil,Other
220211,2023,ICL GROUP LTD,Tel Aviv,ISR,15,2,Israel,Other
100465,2023,Sasol Ltd,Johannesburg,ZAF,15,1,South Africa,Other
102422,2023,Sappi Ltd,Johannesburg,ZAF,15,1,South Africa,Other
183968,2023,N2OFF Inc,Hod HaSharon,ISR,15,1,Israel,Other
202021,2023,Empresas Cmpc SA,Santiago,CHL,15,1,Chile,Other
222123,2023,Odebrecht SA,Salvador,BRA,20,15,Brazil,Other
23243,2023,Kornit Digital Ltd,Rosh Haayin,ISR,20,9,Israel,Other
65380,2023,Elbit Systems Ltd,Haifa,ISR,20,9,Israel,Other
213288,2023,Embraer SA,Sao Paulo,BRA,20,7,Brazil,Other
289223,2023,Alaris Holdings Ltd,Centurion,ZAF,20,7,South Africa,Other
300107,2023,Nano Dimension Ltd,Ness Ziona,ISR,20,5,Israel,Other
170758,2023,Caesarstone Ltd,Menashe,ISR,20,2,Israel,Other
272765,2023,Sarine Technologies Ltd,Hod HaSharon,ISR,20,2,Israel,Other
311793,2023,Sudamericana Agencias Aereas y Maritimas SA,Las Condes,CHL,20,2,Chile,Other
345714,2023,Aquarius Engines (AM) Ltd,Yakum,ISR,20,2,Israel,Other
41640,2023,Mobileye Global Inc,Jerusalem,ISR,25,33,Israel,Other
39325,2023,REE Automotive Ltd,Herzliya,ISR,25,9,Israel,Other
206059,2023,Naspers Ltd,Cape Town,ZAF,25,8,South Africa,Other
275668,2023,Maytronics Ltd,Jezreel Valley,ISR,25,3,Israel,Other
297402,2023,Tadiran Group Ltd,Petah Tikva,ISR,25,3,Israel,Other
271218,2023,Grendene SA,Sobral,BRA,25,2,Brazil,Other
333089,2023,Tropical Paradise Co ltd,Moka,MUS,25,2,Mauritius,Other
164276,2023,Leatt Corp,Durbanville,ZAF,25,1,South Africa,Other
220484,2023,Alpargatas SA,Sao Paulo,BRA,25,1,Brazil,Other
285100,2023,Raval ACS Ltd,Beersheba,ISR,25,1,Israel,Other
200380,2023,Empresas Iansa SA Iansa,Santiago,CHL,30,2,Chile,Other
270509,2023,Natura &Co Holding SA,Sao Paulo,BRA,30,2,Brazil,Other
295237,2023,Tereos Internacional SA,Sao Paulo,BRA,30,2,Brazil,Other
23290,2023,Strauss Group Ltd,Petah Tikva,ISR,30,1,Israel,Other
285188,2023,Marfrig Global Foods SA,Sao Paulo,BRA,30,1,Brazil,Other
348892,2023,Steakholder Foods Ltd,Rehovot,ISR,30,1,Israel,Other
19845,2023,Lumenis Ltd,Yokne'am,ISR,35,17,Israel,Other
14538,2023,Teva Pharmaceutical Industries Ltd,Tel Aviv,ISR,35,12,Israel,Other
282715,2023,Bioline RX Ltd,Hevel Modi'in,ISR,35,10,Israel,Other
275799,2023,Xylo Technologies Ltd,Tel Aviv,ISR,35,8,Israel,Other
286396,2023,Evogene Ltd,Rehovot,ISR,35,7,Israel,Other
32897,2023,Sol Gel Technologies Ltd,Ness Ziona,ISR,35,3,Israel,Other
35008,2023,Enlivex Therapeutics Ltd,Ness Ziona,ISR,35,3,Israel,Other
37582,2023,Alpha Tau Medical Ltd,Jerusalem,ISR,35,3,Israel,Other
138781,2023,Compugen Ltd,Holon,ISR,35,3,Israel,Other
179436,2023,Alma Lasers Ltd,Caesarea,ISR,35,3,Israel,Other
209957,2023,Boe Ltd,Cape Town,ZAF,40,81,South Africa,Other
320789,2023,The Trendlines Group Ltd,M P Misgav,ISR,40,1,Israel,Other
321213,2023,United Investment Ltd,Port Louis,MUS,40,1,Mauritius,Other
23119,2023,SolarEdge Technologies Inc,Herzliya,ISR,45,60,Israel,Other
61902,2023,NICE Ltd,Ra'anana,ISR,45,56,Israel,Other
38822,2023,monday com Ltd,Tel Aviv,ISR,45,19,Israel,Other
21002,2023,CyberArk Software Ltd,Petah Tikva,ISR,45,14,Israel,Other
18869,2023,Wix.com Ltd,Tel Aviv,ISR,45,11,Israel,Other
125074,2023,Radware Ltd,Tel Aviv,ISR,45,11,Israel,Other
133905,2023,Nova Ltd,Rehovot,ISR,45,11,Israel,Other
63185,2023,Check Point Software Technologies Ltd,Tel Aviv,ISR,45,7,Israel,Other
38590,2023,Innoviz Technologies Ltd,Rosh Haayin,ISR,45,6,Israel,Other
176021,2023,Allot Ltd,Hod HaSharon,ISR,45,5,Israel,Other
37752,2023,Playtika Holding Corp,Herzliya Pituach,ISR,50,1,Israel,Other
275787,2023,Light SA,Rio De Janeiro,BRA,55,3,Brazil,Other
317586,2023,OCP S.A.,Casablanca,MAR,NA,1,Morocco,Other
